web_scraper_order,web_scraper_start_url,container_volaille,Details,Prix,Adresse,Image_lien,price_cfa,city,title_len
1771110140-1,https://sn.coinafrique.com/categorie/poules-lapins-et-pigeons?page=3,https://sn.coinafrique.com/annonce/poules-lapins-et-pigeons/pigeons-voyageurs-manteau-4167562,Pigeons voyageurs  manteau,15 000 CFA,"Thies, Sénégal",https://images.coinafrique.com/thumb_4167562_uploaded_image1_1680885216.jpg,15000.0,Thies,26
1771110143-2,https://sn.coinafrique.com/categorie/poules-lapins-et-pigeons?page=3,https://sn.coinafrique.com/annonce/poules-lapins-et-pigeons/pigeons-voyageurs-4167567,Pigeons voyageurs,15 000 CFA,"Thies, Sénégal",https://images.coinafrique.com/thumb_4167567_uploaded_image1_1680885294.jpg,15000.0,Thies,17
1771110146-3,https://sn.coinafrique.com/categorie/poules-lapins-et-pigeons?page=3,https://sn.coinafrique.com/annonce/poules-lapins-et-pigeons/pigeons-4167601,Pigeons,150 000 CFA,"Thies, Sénégal",https://images.coinafrique.com/thumb_5486667_uploaded_image1_1755797873.jpg,150000.0,Thies,7
1771110149-4,https://sn.coinafrique.com/categorie/poules-lapins-et-pigeons?page=3,https://sn.coinafrique.com/annonce/poules-lapins-et-pigeons/poule-hollandais-4170233,Poule hollandais,8 000 CFA,"Touba, Sénégal",https://images.coinafrique.com/thumb_4170233_uploaded_image2_1681079258.jpeg,8000.0,Touba,16
1771110154-5,https://sn.coinafrique.com/categorie/poules-lapins-et-pigeons?page=3,https://sn.coinafrique.com/annonce/poules-lapins-et-pigeons/poulet-de-chair-4172814,Poulet de chair,3 500 CFA,"Cambérène, Dakar, Sénégal",https://images.coinafrique.com/thumb_4172814_uploaded_image1_1681236734.jpg,3500.0,Cambérène,15
1771110159-6,https://sn.coinafrique.com/categorie/poules-lapins-et-pigeons?page=3,https://sn.coinafrique.com/annonce/poules-lapins-et-pigeons/pigeons-lahore-4177942,Pigeons Lahore,15 000 CFA,"Dakar, Sénégal",https://images.coinafrique.com/thumb_4177942_uploaded_image1_1681563067.jpg,15000.0,Dakar,14
1771110163-7,https://sn.coinafrique.com/categorie/poules-lapins-et-pigeons?page=3,https://sn.coinafrique.com/annonce/poules-lapins-et-pigeons/pigeon-boulant-de-pomeranie-4178980,Pigeon Boulant de poméranie,13 000 CFA,"Mariste, Dakar, Sénégal",https://images.coinafrique.com/thumb_4178981_uploaded_image1_1681650331.jpg,13000.0,Mariste,27
1771110166-8,https://sn.coinafrique.com/categorie/poules-lapins-et-pigeons?page=3,https://sn.coinafrique.com/annonce/poules-lapins-et-pigeons/pigeon-boulant-de-pomeranie-4178981,Pigeon Boulant de poméranie,20 000 CFA,"Mariste, Dakar, Sénégal",https://images.coinafrique.com/thumb_4178981_uploaded_image1_1681650331.jpg,20000.0,Mariste,27
1771110170-9,https://sn.coinafrique.com/categorie/poules-lapins-et-pigeons?page=3,https://sn.coinafrique.com/annonce/poules-lapins-et-pigeons/pigeon-padda-de-java-4191356,Pigeon Padda de java,20 000 CFA,"Point E, Dakar, Sénégal",https://images.coinafrique.com/thumb_4191356_uploaded_image1_1682522033.jpg,20000.0,Point E,20
1771110174-10,https://sn.coinafrique.com/categorie/poules-lapins-et-pigeons?page=3,https://sn.coinafrique.com/annonce/poules-lapins-et-pigeons/pigeon-texan-4193114,Pigeon Texan,70 000 CFA,"Mbour, Sénégal",https://images.coinafrique.com/thumb_4193114_uploaded_image1_1682634328.jpg,70000.0,Mbour,12
1771110178-11,https://sn.coinafrique.com/categorie/poules-lapins-et-pigeons?page=3,https://sn.coinafrique.com/annonce/poules-lapins-et-pigeons/lapin-metisage-4194884,Lapin metisage,Prix sur demande,"Mariste, Dakar, Sénégal",https://images.coinafrique.com/thumb_4194884_uploaded_image1_1682776235.jpg,,Mariste,14
1771110183-12,https://sn.coinafrique.com/categorie/poules-lapins-et-pigeons?page=3,https://sn.coinafrique.com/annonce/poules-lapins-et-pigeons/lapereau-4195833,Lapereau,15 000 CFA,"Mariste, Dakar, Sénégal",https://images.coinafrique.com/thumb_4244917_uploaded_image1_1686063555.jpg,15000.0,Mariste,8
1771110188-13,https://sn.coinafrique.com/categorie/poules-lapins-et-pigeons?page=3,https://sn.coinafrique.com/annonce/poules-lapins-et-pigeons/pigeon-4198961,Pigeon,20 000 CFA,"Gueule Tapée, Dakar, Sénégal",https://images.coinafrique.com/thumb_4198961_uploaded_image1_1683046102.jpg,20000.0,Gueule Tapée,6
1771110191-14,https://sn.coinafrique.com/categorie/poules-lapins-et-pigeons?page=3,https://sn.coinafrique.com/annonce/poules-lapins-et-pigeons/pigeons-manteau-opale-4202860,Pigeons manteau opale,6 000 CFA,"Mariste, Dakar, Sénégal",https://images.coinafrique.com/thumb_4202860_uploaded_image1_1683234964.jpg,6000.0,Mariste,21
1771110194-15,https://sn.coinafrique.com/categorie/poules-lapins-et-pigeons?page=3,https://sn.coinafrique.com/annonce/poules-lapins-et-pigeons/cailleteaux-4205412,Cailleteaux,250 CFA,"Thies, Sénégal",https://images.coinafrique.com/thumb_4205412_uploaded_image1_1683385484.jpg,250.0,Thies,11
1771110200-16,https://sn.coinafrique.com/categorie/poules-lapins-et-pigeons?page=3,https://sn.coinafrique.com/annonce/poules-lapins-et-pigeons/lapin-geant-4207913,Lapin géant,50 000 CFA,"Niaga, Sénégal",https://images.coinafrique.com/thumb_4435893_uploaded_image1_1698681315.jpg,50000.0,Niaga,11
1771110205-17,https://sn.coinafrique.com/categorie/poules-lapins-et-pigeons?page=3,https://sn.coinafrique.com/annonce/poules-lapins-et-pigeons/couple-lapins-4208070,Couple lapins,Prix sur demande,"Mbao, Dakar, Sénégal",https://images.coinafrique.com/thumb_4408360_uploaded_image1_1696785290.jpg,,Mbao,13
1771110209-18,https://sn.coinafrique.com/categorie/poules-lapins-et-pigeons?page=3,https://sn.coinafrique.com/annonce/poules-lapins-et-pigeons/poulets-brahman-hermines-4212808,Poulets brahman herminés,135 000 CFA,"Dakar, Sénégal",https://images.coinafrique.com/thumb_4212808_uploaded_image1_1683879589.jpg,135000.0,Dakar,24
1771110241-19,https://sn.coinafrique.com/categorie/poules-lapins-et-pigeons?page=3,https://sn.coinafrique.com/annonce/poules-lapins-et-pigeons/poussins-de-chair-bleu-hollandais-4221943,Poussins de chair - bleu hollandais,Prix sur demande,"Dakar, Sénégal",https://images.coinafrique.com/thumb_4221943_uploaded_image2_1684477934.jpeg,,Dakar,35
1771110245-20,https://sn.coinafrique.com/categorie/poules-lapins-et-pigeons?page=3,https://sn.coinafrique.com/annonce/poules-lapins-et-pigeons/pigeon-voyageur-4222721,Pigeon voyageur,7 000 CFA,"Ouakam, Dakar, Sénégal",https://images.coinafrique.com/thumb_5323552_uploaded_image1_1747045029.jpg,7000.0,Ouakam,15
1771110248-21,https://sn.coinafrique.com/categorie/poules-lapins-et-pigeons?page=3,https://sn.coinafrique.com/annonce/poules-lapins-et-pigeons/pigeon-voyageur-4222723,Pigeon voyageur,7 000 CFA,"Ouakam, Dakar, Sénégal",https://images.coinafrique.com/thumb_5323552_uploaded_image1_1747045029.jpg,7000.0,Ouakam,15
1771110255-22,https://sn.coinafrique.com/categorie/poules-lapins-et-pigeons?page=3,https://sn.coinafrique.com/annonce/poules-lapins-et-pigeons/pigeon-mondain-brun-4230459,Pigeon mondain brun,500 000 CFA,"Dakar, Sénégal",https://images.coinafrique.com/thumb_4230459_uploaded_image1_1685044108.jpg,500000.0,Dakar,19
1771110258-23,https://sn.coinafrique.com/categorie/poules-lapins-et-pigeons?page=3,https://sn.coinafrique.com/annonce/poules-lapins-et-pigeons/lapin-gris-de-touraine-4230722,Lapin Gris de Touraine,35 000 CFA,"Dakar, Sénégal",https://images.coinafrique.com/thumb_4230722_uploaded_image1_1685059185.jpg,35000.0,Dakar,22
1771110263-24,https://sn.coinafrique.com/categorie/poules-lapins-et-pigeons?page=3,https://sn.coinafrique.com/annonce/poules-lapins-et-pigeons/lapine-4235319,Lapine,Prix sur demande,"Niaga, Sénégal",https://images.coinafrique.com/thumb_4435893_uploaded_image1_1698681315.jpg,,Niaga,6
1771110267-25,https://sn.coinafrique.com/categorie/poules-lapins-et-pigeons?page=3,https://sn.coinafrique.com/annonce/poules-lapins-et-pigeons/pigeons-mondains-4240446,Pigeons Mondains,50 000 CFA,"Dakar, Sénégal",https://images.coinafrique.com/thumb_4240446_uploaded_image1_1685727771.jpg,50000.0,Dakar,16
1771110273-26,https://sn.coinafrique.com/categorie/poules-lapins-et-pigeons?page=3,https://sn.coinafrique.com/annonce/poules-lapins-et-pigeons/poussins-brahmans-4243414,Poussins Brahmans,30 000 CFA,"Keur Massar, Sénégal",https://images.coinafrique.com/thumb_4243414_uploaded_image1_1685971475.jpg,30000.0,Keur Massar,17
1771110278-27,https://sn.coinafrique.com/categorie/poules-lapins-et-pigeons?page=3,https://sn.coinafrique.com/annonce/poules-lapins-et-pigeons/lapereaux-4244917,Lapereaux,45 000 CFA,"Mariste, Dakar, Sénégal",https://images.coinafrique.com/thumb_4244917_uploaded_image1_1686063555.jpg,45000.0,Mariste,9
1771110282-28,https://sn.coinafrique.com/categorie/poules-lapins-et-pigeons?page=3,https://sn.coinafrique.com/annonce/poules-lapins-et-pigeons/lapin-californien-4248635,Lapin californien,Prix sur demande,"Saly, Sénégal",https://images.coinafrique.com/thumb_4248635_uploaded_image1_1686257041.jpg,,Saly,17
1771110286-29,https://sn.coinafrique.com/categorie/poules-lapins-et-pigeons?page=3,https://sn.coinafrique.com/annonce/poules-lapins-et-pigeons/lapines-4249408,Lapines,Prix sur demande,"Niaga, Sénégal",https://images.coinafrique.com/thumb_4435893_uploaded_image1_1698681315.jpg,,Niaga,7
1771110289-30,https://sn.coinafrique.com/categorie/poules-lapins-et-pigeons?page=3,https://sn.coinafrique.com/annonce/poules-lapins-et-pigeons/poussins-cochin-4255246,Poussins cochin,7 500 CFA,"Pikine, Sénégal",https://images.coinafrique.com/thumb_4255246_uploaded_image1_1686680990.jpg,7500.0,Pikine,15
1771110292-31,https://sn.coinafrique.com/categorie/poules-lapins-et-pigeons?page=3,https://sn.coinafrique.com/annonce/poules-lapins-et-pigeons/poule-bleu-hollandais-4224766,Poule Bleu Hollandais,7 000 CFA,"Mbao, Dakar, Sénégal",https://images.coinafrique.com/thumb_4224766_uploaded_image3_1684691526.jpeg,7000.0,Mbao,21
1771110295-32,https://sn.coinafrique.com/categorie/poules-lapins-et-pigeons?page=3,https://sn.coinafrique.com/annonce/poules-lapins-et-pigeons/lapin-4268327,Lapin,30 000 CFA,"Niaga, Sénégal",https://images.coinafrique.com/thumb_4435893_uploaded_image1_1698681315.jpg,30000.0,Niaga,5
1771110300-33,https://sn.coinafrique.com/categorie/poules-lapins-et-pigeons?page=3,https://sn.coinafrique.com/annonce/poules-lapins-et-pigeons/lapereaux-4268955,Lapereaux,10 000 CFA,"Niaga, Sénégal",https://images.coinafrique.com/thumb_4433087_uploaded_image1_1698427048.jpg,10000.0,Niaga,9
1771110304-34,https://sn.coinafrique.com/categorie/poules-lapins-et-pigeons?page=3,https://sn.coinafrique.com/annonce/poules-lapins-et-pigeons/pigeon-boulan-4277890,Pigeon Boulan,45 000 CFA,"Louga, Sénégal",https://images.coinafrique.com/thumb_4277905_uploaded_image1_1688318584.jpg,45000.0,Louga,13
1771110309-35,https://sn.coinafrique.com/categorie/poules-lapins-et-pigeons?page=3,https://sn.coinafrique.com/annonce/poules-lapins-et-pigeons/pigeon-boulan-4277905,Pigeon Boulan,15 000 CFA,"Louga, Sénégal",https://images.coinafrique.com/thumb_4277905_uploaded_image1_1688318584.jpg,15000.0,Louga,13
1771110314-36,https://sn.coinafrique.com/categorie/poules-lapins-et-pigeons?page=3,https://sn.coinafrique.com/annonce/poules-lapins-et-pigeons/poulets-de-chair-4283570,Poulets de chair,4 000 CFA,"Keur Massar, Sénégal",https://images.coinafrique.com/thumb_4283570_uploaded_image1_1688648209.jpg,4000.0,Keur Massar,16
1771110318-37,https://sn.coinafrique.com/categorie/poules-lapins-et-pigeons?page=3,https://sn.coinafrique.com/annonce/poules-lapins-et-pigeons/pigeon-messager-4286623,Pigeon Messager,25 000 CFA,"Rufisque, Sénégal",https://images.coinafrique.com/thumb_4286623_uploaded_image1_1688830929.jpg,25000.0,Rufisque,15
1771110322-38,https://sn.coinafrique.com/categorie/poules-lapins-et-pigeons?page=3,https://sn.coinafrique.com/annonce/poules-lapins-et-pigeons/lapins-4287411,Lapins,Prix sur demande,"Dakar, Sénégal",https://images.coinafrique.com/thumb_4509856_uploaded_image1_1703213564.jpg,,Dakar,6
1771110325-39,https://sn.coinafrique.com/categorie/poules-lapins-et-pigeons?page=3,https://sn.coinafrique.com/annonce/poules-lapins-et-pigeons/pigeons-4287413,Pigeons,Prix sur demande,"Dakar, Sénégal",https://images.coinafrique.com/thumb_5674944_uploaded_image1_1765881198.jpg,,Dakar,7
1771110329-40,https://sn.coinafrique.com/categorie/poules-lapins-et-pigeons?page=3,https://sn.coinafrique.com/annonce/poules-lapins-et-pigeons/poulets-bleu-holland-4287658,Poulets  bleu Holland,6 000 CFA,"Rufisque, Sénégal",https://images.coinafrique.com/thumb_4287658_uploaded_image1_1688923156.jpg,6000.0,Rufisque,21
1771110331-41,https://sn.coinafrique.com/categorie/poules-lapins-et-pigeons?page=3,https://sn.coinafrique.com/annonce/poules-lapins-et-pigeons/lapin-nain-loutre-4289564,Lapin nain Loutre,30 000 CFA,"Ouakam, Dakar, Sénégal",https://images.coinafrique.com/thumb_4289564_uploaded_image1_1689066044.jpg,30000.0,Ouakam,17
1771110336-42,https://sn.coinafrique.com/categorie/poules-lapins-et-pigeons?page=3,https://sn.coinafrique.com/annonce/poules-lapins-et-pigeons/poussins-brahmanes-4290482,Poussins Brahmanes,30 000 CFA,"Rufisque, Sénégal",https://images.coinafrique.com/thumb_4290482_uploaded_image1_1689101216.jpg,30000.0,Rufisque,18
1771110340-43,https://sn.coinafrique.com/categorie/poules-lapins-et-pigeons?page=3,https://sn.coinafrique.com/annonce/poules-lapins-et-pigeons/lapin-4296184,Lapin,80 000 CFA,"Dakar, Sénégal",https://images.coinafrique.com/thumb_4509856_uploaded_image1_1703213564.jpg,80000.0,Dakar,5
1771110344-44,https://sn.coinafrique.com/categorie/poules-lapins-et-pigeons?page=3,https://sn.coinafrique.com/annonce/poules-lapins-et-pigeons/lapin-4298076,Lapin,15 000 CFA,"Ouakam, Dakar, Sénégal",https://images.coinafrique.com/thumb_4298076_uploaded_image1_1689619080.jpg,15000.0,Ouakam,5
1771110347-45,https://sn.coinafrique.com/categorie/poules-lapins-et-pigeons?page=3,https://sn.coinafrique.com/annonce/poules-lapins-et-pigeons/lapin-4302356,Lapin,Prix sur demande,"Niaga, Sénégal",https://images.coinafrique.com/thumb_4435893_uploaded_image1_1698681315.jpg,,Niaga,5
1771110351-46,https://sn.coinafrique.com/categorie/poules-lapins-et-pigeons?page=3,https://sn.coinafrique.com/annonce/poules-lapins-et-pigeons/poules-4302571,Poules,Prix sur demande,"Thies, Sénégal",https://images.coinafrique.com/thumb_5344600_uploaded_image1_1748179147.jpg,,Thies,6
1771110354-47,https://sn.coinafrique.com/categorie/poules-lapins-et-pigeons?page=3,https://sn.coinafrique.com/annonce/poules-lapins-et-pigeons/lapin-4312499,Lapin,40 000 CFA,"Niaga, Sénégal",https://images.coinafrique.com/thumb_4435893_uploaded_image1_1698681315.jpg,40000.0,Niaga,5
1771110358-48,https://sn.coinafrique.com/categorie/poules-lapins-et-pigeons?page=3,https://sn.coinafrique.com/annonce/poules-lapins-et-pigeons/poussins-de-chair-4323837,Poussins de chair,Prix sur demande,"Dakar, Sénégal",https://images.coinafrique.com/thumb_4323837_uploaded_image1_1691274033.jpg,,Dakar,17
1771110362-49,https://sn.coinafrique.com/categorie/poules-lapins-et-pigeons?page=3,https://sn.coinafrique.com/annonce/poules-lapins-et-pigeons/lapereaux-4324644,Lapereaux,Prix sur demande,"Niaga, Sénégal",https://images.coinafrique.com/thumb_4433087_uploaded_image1_1698427048.jpg,,Niaga,9
1771110365-50,https://sn.coinafrique.com/categorie/poules-lapins-et-pigeons?page=3,https://sn.coinafrique.com/annonce/poules-lapins-et-pigeons/lapereaux-4333705,Lapereaux,10 000 CFA,"Niaga, Sénégal",https://images.coinafrique.com/thumb_4433087_uploaded_image1_1698427048.jpg,10000.0,Niaga,9
1771110373-51,https://sn.coinafrique.com/categorie/poules-lapins-et-pigeons?page=3,https://sn.coinafrique.com/annonce/poules-lapins-et-pigeons/lapins-4336471,Lapins,Prix sur demande,"Niaga, Sénégal",,,Niaga,6
1771110376-52,https://sn.coinafrique.com/categorie/poules-lapins-et-pigeons?page=3,https://sn.coinafrique.com/annonce/poules-lapins-et-pigeons/lapin-4337664,Lapin,Prix sur demande,"Niaga, Sénégal",,,Niaga,5
1771110381-53,https://sn.coinafrique.com/categorie/poules-lapins-et-pigeons?page=3,https://sn.coinafrique.com/annonce/poules-lapins-et-pigeons/lapin-papillon-4347215,Lapin   Papillon,90 000 CFA,"Rufisque, Sénégal",https://images.coinafrique.com/thumb_4347215_uploaded_image1_1692800912.jpg,90000.0,Rufisque,16
1771110384-54,https://sn.coinafrique.com/categorie/poules-lapins-et-pigeons?page=3,https://sn.coinafrique.com/annonce/poules-lapins-et-pigeons/lapin-4359251,Lapin,Prix sur demande,"Niaga, Sénégal",https://images.coinafrique.com/thumb_4435893_uploaded_image1_1698681315.jpg,,Niaga,5
1771110388-55,https://sn.coinafrique.com/categorie/poules-lapins-et-pigeons?page=3,https://sn.coinafrique.com/annonce/poules-lapins-et-pigeons/pigeons-de-race-4368566,Pigeons de race,350 000 CFA,"Cambérène, Dakar, Sénégal",,350000.0,Cambérène,15
1771110391-56,https://sn.coinafrique.com/categorie/poules-lapins-et-pigeons?page=3,https://sn.coinafrique.com/annonce/poules-lapins-et-pigeons/lapin-4368816,Lapin,10 000 CFA,"Parcelle Assainies, Dakar, Sénégal",https://images.coinafrique.com/thumb_5693264_uploaded_image1_1766935865.jpg,10000.0,Parcelle Assainies,5
1771110394-57,https://sn.coinafrique.com/categorie/poules-lapins-et-pigeons?page=3,https://sn.coinafrique.com/annonce/poules-lapins-et-pigeons/poule-brahman-hermine-4369295,Poule Brahman herminé,Prix sur demande,"Keur Massar, Sénégal",https://images.coinafrique.com/thumb_4369295_uploaded_image1_1694214443.jpg,,Keur Massar,21
1771110403-58,https://sn.coinafrique.com/categorie/poules-lapins-et-pigeons?page=3,https://sn.coinafrique.com/annonce/poules-lapins-et-pigeons/lapins-4384422,Lapins,20 000 CFA,"Niaga, Sénégal",https://images.coinafrique.com/thumb_4435893_uploaded_image1_1698681315.jpg,20000.0,Niaga,6
1771110408-59,https://sn.coinafrique.com/categorie/poules-lapins-et-pigeons?page=3,https://sn.coinafrique.com/annonce/poules-lapins-et-pigeons/poule-brahma-4389249,Poule Brahma,25 000 CFA,"Medina, Dakar, Sénégal",https://images.coinafrique.com/thumb_4389249_uploaded_image1_1695564020.jpg,25000.0,Medina,12
1771110413-60,https://sn.coinafrique.com/categorie/poules-lapins-et-pigeons?page=3,https://sn.coinafrique.com/annonce/poules-lapins-et-pigeons/poussins-4399877,Poussins,26 500 CFA,"Pikine, Sénégal",https://images.coinafrique.com/thumb_5080703_uploaded_image1_1733571477.jpg,26500.0,Pikine,8
1771110417-61,https://sn.coinafrique.com/categorie/poules-lapins-et-pigeons?page=3,https://sn.coinafrique.com/annonce/poules-lapins-et-pigeons/pigeon-voyageur-4406771,Pigeon voyageur,8 000 CFA,"Rufisque, Sénégal",https://images.coinafrique.com/thumb_5642510_uploaded_image1_1764173213.jpg,8000.0,Rufisque,15
1771110420-62,https://sn.coinafrique.com/categorie/poules-lapins-et-pigeons?page=3,https://sn.coinafrique.com/annonce/poules-lapins-et-pigeons/pigeon-voyageur-4406776,Pigeon voyageur,8 000 CFA,"Rufisque, Sénégal",https://images.coinafrique.com/thumb_5642510_uploaded_image1_1764173213.jpg,8000.0,Rufisque,15
1771110424-63,https://sn.coinafrique.com/categorie/poules-lapins-et-pigeons?page=3,https://sn.coinafrique.com/annonce/poules-lapins-et-pigeons/lapin-4408360,Lapin,35 000 CFA,"Mbao, Dakar, Sénégal",https://images.coinafrique.com/thumb_4408360_uploaded_image1_1696785290.jpg,35000.0,Mbao,5
1771110428-64,https://sn.coinafrique.com/categorie/poules-lapins-et-pigeons?page=3,https://sn.coinafrique.com/annonce/poules-lapins-et-pigeons/pigeon-4418898,Pigeon,2 000 CFA,"Grand Yoff, Dakar, Sénégal",https://images.coinafrique.com/thumb_4561395_uploaded_image1_1706128448.jpg,2000.0,Grand Yoff,6
1771110432-65,https://sn.coinafrique.com/categorie/poules-lapins-et-pigeons?page=3,https://sn.coinafrique.com/annonce/poules-lapins-et-pigeons/pigeon-voyageur-4418908,Pigeon voyageur,5 000 CFA,"Grand Yoff, Dakar, Sénégal",https://images.coinafrique.com/thumb_4418928_uploaded_image1_1697461664.jpg,5000.0,Grand Yoff,15
1771110436-66,https://sn.coinafrique.com/categorie/poules-lapins-et-pigeons?page=3,https://sn.coinafrique.com/annonce/poules-lapins-et-pigeons/pigeons-4418917,Pigeons,3 000 CFA,"Grand Yoff, Dakar, Sénégal",https://images.coinafrique.com/thumb_4561395_uploaded_image1_1706128448.jpg,3000.0,Grand Yoff,7
1771110442-67,https://sn.coinafrique.com/categorie/poules-lapins-et-pigeons?page=3,https://sn.coinafrique.com/annonce/poules-lapins-et-pigeons/pigeons-voyageur-de-competition-4418928,Pigeons voyageur de compétition,15 000 CFA,"Grand Yoff, Dakar, Sénégal",https://images.coinafrique.com/thumb_4418928_uploaded_image1_1697461664.jpg,15000.0,Grand Yoff,31
1771110445-68,https://sn.coinafrique.com/categorie/poules-lapins-et-pigeons?page=3,https://sn.coinafrique.com/annonce/poules-lapins-et-pigeons/cochons-dinde-4425812,Cochons d'Inde,15 000 CFA,"Keur Massar, Sénégal",,15000.0,Keur Massar,14
1771110450-69,https://sn.coinafrique.com/categorie/poules-lapins-et-pigeons?page=3,https://sn.coinafrique.com/annonce/poules-lapins-et-pigeons/lapereau-4425850,Lapereau,10 000 CFA,"Niaga, Sénégal",https://images.coinafrique.com/thumb_4433087_uploaded_image1_1698427048.jpg,10000.0,Niaga,8
1771110453-70,https://sn.coinafrique.com/categorie/poules-lapins-et-pigeons?page=3,https://sn.coinafrique.com/annonce/poules-lapins-et-pigeons/lapereau-4433087,Lapereau,10 000 CFA,"Niaga, Sénégal",https://images.coinafrique.com/thumb_4433087_uploaded_image1_1698427048.jpg,10000.0,Niaga,8
1771110458-71,https://sn.coinafrique.com/categorie/poules-lapins-et-pigeons?page=3,https://sn.coinafrique.com/annonce/poules-lapins-et-pigeons/lapins-4434579,Lapins,Prix sur demande,"Rufisque, Sénégal",https://images.coinafrique.com/thumb_4434579_uploaded_image1_1698581736.jpg,,Rufisque,6
1771110461-72,https://sn.coinafrique.com/categorie/poules-lapins-et-pigeons?page=3,https://sn.coinafrique.com/annonce/poules-lapins-et-pigeons/lapin-4435893,Lapin,Prix sur demande,"Niaga, Sénégal",https://images.coinafrique.com/thumb_4435893_uploaded_image1_1698681315.jpg,,Niaga,5
1771110466-73,https://sn.coinafrique.com/categorie/poules-lapins-et-pigeons?page=3,https://sn.coinafrique.com/annonce/poules-lapins-et-pigeons/coqs-4444985,Coqs,Prix sur demande,"Ouakam, Dakar, Sénégal",https://images.coinafrique.com/thumb_4444985_uploaded_image1_1699208691.jpg,,Ouakam,4
1771110471-74,https://sn.coinafrique.com/categorie/poules-lapins-et-pigeons?page=3,https://sn.coinafrique.com/annonce/poules-lapins-et-pigeons/lapin-4453957,Lapin,Prix sur demande,"Keur Massar, Sénégal",https://images.coinafrique.com/thumb_5514578_uploaded_image2_1757331557.jpeg,,Keur Massar,5
1771110474-75,https://sn.coinafrique.com/categorie/poules-lapins-et-pigeons?page=3,https://sn.coinafrique.com/annonce/poules-lapins-et-pigeons/femelle-lapin-demi-sang-cage-4464349,Femelle lapin demi sang + cage,40 000 CFA,"Guediawaye, Dakar, Sénégal",https://images.coinafrique.com/thumb_4464349_uploaded_image1_1700417993.jpg,40000.0,Guediawaye,30
1771110478-76,https://sn.coinafrique.com/categorie/poules-lapins-et-pigeons?page=3,https://sn.coinafrique.com/annonce/poules-lapins-et-pigeons/pigeon-lahor-4471579,Pigeon Lahor,40 000 CFA,"Mbour, Sénégal",https://images.coinafrique.com/thumb_4471579_uploaded_image1_1700864120.jpg,40000.0,Mbour,12
1771110481-77,https://sn.coinafrique.com/categorie/poules-lapins-et-pigeons?page=3,https://sn.coinafrique.com/annonce/poules-lapins-et-pigeons/pigeon-king-blanc-4471585,Pigeon King Blanc,75 000 CFA,"Mbour, Sénégal",https://images.coinafrique.com/thumb_4471585_uploaded_image1_1700864393.jpg,75000.0,Mbour,17
1771110485-78,https://sn.coinafrique.com/categorie/poules-lapins-et-pigeons?page=3,https://sn.coinafrique.com/annonce/poules-lapins-et-pigeons/lapin-angora-male-4473399,Lapin Angora male,18 000 CFA,"Diamniadio, Sénégal",https://images.coinafrique.com/thumb_4473413_uploaded_image1_1701020741.jpg,18000.0,Diamniadio,17
1771110488-79,https://sn.coinafrique.com/categorie/poules-lapins-et-pigeons?page=3,https://sn.coinafrique.com/annonce/poules-lapins-et-pigeons/lapin-angora-male-4473413,Lapin Angora male,8 000 CFA,"Diamniadio, Sénégal",https://images.coinafrique.com/thumb_4473413_uploaded_image1_1701020741.jpg,8000.0,Diamniadio,17
1771110500-80,https://sn.coinafrique.com/categorie/poules-lapins-et-pigeons?page=2,https://sn.coinafrique.com/annonce/poules-lapins-et-pigeons/lapin-4490937,Lapin,Prix sur demande,"Yoff, Dakar, Sénégal",https://images.coinafrique.com/thumb_4490937_uploaded_image1_1702037014.jpg,,Yoff,5
1771110505-81,https://sn.coinafrique.com/categorie/poules-lapins-et-pigeons?page=2,https://sn.coinafrique.com/annonce/poules-lapins-et-pigeons/couple-lapin-francais-4505989,Couple lapin français,40 000 CFA,"Dakar, Sénégal",https://images.coinafrique.com/thumb_4505989_uploaded_image1_1702996795.jpg,40000.0,Dakar,21
1771110509-82,https://sn.coinafrique.com/categorie/poules-lapins-et-pigeons?page=2,https://sn.coinafrique.com/annonce/poules-lapins-et-pigeons/couple-lapereau-4505997,Couple lapereau,40 000 CFA,"Dakar, Sénégal",https://images.coinafrique.com/thumb_4505997_uploaded_image1_1702997024.jpg,40000.0,Dakar,15
1771110515-83,https://sn.coinafrique.com/categorie/poules-lapins-et-pigeons?page=2,https://sn.coinafrique.com/annonce/poules-lapins-et-pigeons/poulet-de-chair-4509252,Poulet de chair,3 500 CFA,"Dakar, Sénégal",https://images.coinafrique.com/thumb_4509252_uploaded_image1_1703175319.jpg,3500.0,Dakar,15
1771110520-84,https://sn.coinafrique.com/categorie/poules-lapins-et-pigeons?page=2,https://sn.coinafrique.com/annonce/poules-lapins-et-pigeons/couple-lapin-4509856,Couple lapin,Prix sur demande,"Dakar, Sénégal",https://images.coinafrique.com/thumb_4509856_uploaded_image1_1703213564.jpg,,Dakar,12
1771110540-85,https://sn.coinafrique.com/categorie/poules-lapins-et-pigeons?page=2,https://sn.coinafrique.com/annonce/poules-lapins-et-pigeons/lapin-fauve-male-4512680,Lapin fauve male,80 000 CFA,"Mariste, Dakar, Sénégal",,80000.0,Mariste,16
1771110547-86,https://sn.coinafrique.com/categorie/poules-lapins-et-pigeons?page=2,https://sn.coinafrique.com/annonce/poules-lapins-et-pigeons/pigeon-4513662,Pigeon,Prix sur demande,"Ouakam, Dakar, Sénégal",https://images.coinafrique.com/thumb_5497155_uploaded_image1_1756393487.jpg,,Ouakam,6
1771110551-87,https://sn.coinafrique.com/categorie/poules-lapins-et-pigeons?page=2,https://sn.coinafrique.com/annonce/poules-lapins-et-pigeons/lapin-4517612,Lapin,35 000 CFA,"Mariste, Dakar, Sénégal",,35000.0,Mariste,5
1771110556-88,https://sn.coinafrique.com/categorie/poules-lapins-et-pigeons?page=2,https://sn.coinafrique.com/annonce/poules-lapins-et-pigeons/pigeons-4542193,Pigeons,5 000 CFA,"Sicap Liberté, Dakar, Sénégal",https://images.coinafrique.com/thumb_5321991_uploaded_image1_1746917494.jpg,5000.0,Sicap Liberté,7
1771110558-89,https://sn.coinafrique.com/categorie/poules-lapins-et-pigeons?page=2,https://sn.coinafrique.com/annonce/poules-lapins-et-pigeons/pigeons-4542217,Pigeons,5 000 CFA,"Sicap Liberté, Dakar, Sénégal",,5000.0,Sicap Liberté,7
1771110561-90,https://sn.coinafrique.com/categorie/poules-lapins-et-pigeons?page=2,https://sn.coinafrique.com/annonce/poules-lapins-et-pigeons/paire-pigeon-jeune-king-4545200,Paire pigeon  jeune King,60 000 CFA,"Mariste, Dakar, Sénégal",https://images.coinafrique.com/thumb_4545200_uploaded_image1_1705269534.jpg,60000.0,Mariste,24
1771110565-91,https://sn.coinafrique.com/categorie/poules-lapins-et-pigeons?page=2,https://sn.coinafrique.com/annonce/poules-lapins-et-pigeons/pigeons-king-4548383,Pigeons King,60 000 CFA,"Mariste, Dakar, Sénégal",https://images.coinafrique.com/thumb_4548383_uploaded_image1_1705424797.jpg,60000.0,Mariste,12
1771110568-92,https://sn.coinafrique.com/categorie/poules-lapins-et-pigeons?page=2,https://sn.coinafrique.com/annonce/poules-lapins-et-pigeons/poulet-de-chaire-4555523,Poulet de chaire,5 000 CFA,"Mbao, Dakar, Sénégal",https://images.coinafrique.com/thumb_4555523_uploaded_image1_1705793143.jpg,5000.0,Mbao,16
1771110573-93,https://sn.coinafrique.com/categorie/poules-lapins-et-pigeons?page=2,https://sn.coinafrique.com/annonce/poules-lapins-et-pigeons/lapereau-4556321,Lapereau,10 000 CFA,"Lac rose, Sénégal",https://images.coinafrique.com/thumb_4751808_uploaded_image1_1716133783.jpg,10000.0,Lac rose,8
1771110576-94,https://sn.coinafrique.com/categorie/poules-lapins-et-pigeons?page=2,https://sn.coinafrique.com/annonce/poules-lapins-et-pigeons/pigeon-modain-4561395,Pigeon Modain,160 000 CFA,"Grand Yoff, Dakar, Sénégal",https://images.coinafrique.com/thumb_4561395_uploaded_image1_1706128448.jpg,160000.0,Grand Yoff,13
1771110580-95,https://sn.coinafrique.com/categorie/poules-lapins-et-pigeons?page=2,https://sn.coinafrique.com/annonce/poules-lapins-et-pigeons/pigeon-lahor-4565457,Pigeon Lahor,20 000 CFA,"Rufisque, Sénégal",https://images.coinafrique.com/thumb_4565457_uploaded_image1_1706369680.jpg,20000.0,Rufisque,12
1771110583-96,https://sn.coinafrique.com/categorie/poules-lapins-et-pigeons?page=2,https://sn.coinafrique.com/annonce/poules-lapins-et-pigeons/couples-lapereaux-4587998,Couples lapereaux,100 000 CFA,"Keur Massar, Sénégal",https://images.coinafrique.com/thumb_4587998_uploaded_image1_1707587252.jpg,100000.0,Keur Massar,17
1771110587-97,https://sn.coinafrique.com/categorie/poules-lapins-et-pigeons?page=2,https://sn.coinafrique.com/annonce/poules-lapins-et-pigeons/pigeons-couple-mondain-4598304,Pigeons couple Mondain,170 000 CFA,"Guediawaye, Dakar, Sénégal",https://images.coinafrique.com/thumb_5572903_uploaded_image1_1760428699.jpg,170000.0,Guediawaye,22
1771110590-98,https://sn.coinafrique.com/categorie/poules-lapins-et-pigeons?page=2,https://sn.coinafrique.com/annonce/poules-lapins-et-pigeons/poussin-marans-4603800,Poussin Marans,10 000 CFA,"Dakar, Sénégal",https://images.coinafrique.com/thumb_4603800_uploaded_image1_1708477906.jpg,10000.0,Dakar,14
1771110595-99,https://sn.coinafrique.com/categorie/poules-lapins-et-pigeons?page=2,https://sn.coinafrique.com/annonce/poules-lapins-et-pigeons/pigeons-4612083,Pigeons,Prix sur demande,"Keur Massar, Sénégal",https://images.coinafrique.com/thumb_4612083_uploaded_image1_1708939903.jpg,,Keur Massar,7
1771110598-100,https://sn.coinafrique.com/categorie/poules-lapins-et-pigeons?page=2,https://sn.coinafrique.com/annonce/poules-lapins-et-pigeons/brahman-bleu-lemon-4612273,Brahman bleu Lemon,40 000 CFA,"Dakar, Sénégal",https://images.coinafrique.com/thumb_4612273_uploaded_image1_1708946489.jpg,40000.0,Dakar,18
1771110605-101,https://sn.coinafrique.com/categorie/poules-lapins-et-pigeons?page=2,https://sn.coinafrique.com/annonce/poules-lapins-et-pigeons/poulets-de-chairs-4612683,Poulets de chairs,3 500 CFA,"Rufisque, Sénégal",https://images.coinafrique.com/thumb_4612683_uploaded_image1_1708957200.jpg,3500.0,Rufisque,17
1771110608-102,https://sn.coinafrique.com/categorie/poules-lapins-et-pigeons?page=2,https://sn.coinafrique.com/annonce/poules-lapins-et-pigeons/poussin-oie-4619799,Poussin oie,35 000 CFA,"Guediawaye, Dakar, Sénégal",https://images.coinafrique.com/thumb_4619799_uploaded_image1_1709296095.jpg,35000.0,Guediawaye,11
1771110612-103,https://sn.coinafrique.com/categorie/poules-lapins-et-pigeons?page=2,https://sn.coinafrique.com/annonce/poules-lapins-et-pigeons/pigeon-voyageur-manteau-opale-4621197,Pigeon voyageur Manteau Opale,Prix sur demande,"Guediawaye, Dakar, Sénégal",https://images.coinafrique.com/thumb_4621197_uploaded_image1_1709366454.jpg,,Guediawaye,29
1771110615-104,https://sn.coinafrique.com/categorie/poules-lapins-et-pigeons?page=2,https://sn.coinafrique.com/annonce/poules-lapins-et-pigeons/pigeons-4623025,Pigeons,100 CFA,"Almadies 2, Dakar, Sénégal",https://images.coinafrique.com/thumb_4623025_uploaded_image1_1709471989.jpg,100.0,Almadies 2,7
1771110618-105,https://sn.coinafrique.com/categorie/poules-lapins-et-pigeons?page=2,https://sn.coinafrique.com/annonce/poules-lapins-et-pigeons/pigeon-voyageur-4624891,Pigeon voyageur,15 000 CFA,"Dakar, Sénégal",https://images.coinafrique.com/thumb_5274172_uploaded_image1_1744216429.jpg,15000.0,Dakar,15
1771110621-106,https://sn.coinafrique.com/categorie/poules-lapins-et-pigeons?page=2,https://sn.coinafrique.com/annonce/poules-lapins-et-pigeons/pigeon-king-4624920,Pigeon King,Prix sur demande,"Dakar, Sénégal",https://images.coinafrique.com/thumb_4704120_uploaded_image1_1713750109.jpg,,Dakar,11
1771110624-107,https://sn.coinafrique.com/categorie/poules-lapins-et-pigeons?page=2,https://sn.coinafrique.com/annonce/poules-lapins-et-pigeons/pigeon-boulant-4624925,Pigeon Boulant,Prix sur demande,"Dakar, Sénégal",https://images.coinafrique.com/thumb_4920745_uploaded_image1_1725167512.jpg,,Dakar,14
1771110628-108,https://sn.coinafrique.com/categorie/poules-lapins-et-pigeons?page=2,https://sn.coinafrique.com/annonce/poules-lapins-et-pigeons/brahma-4644724,Brahma,25 000 CFA,"Dakar, Sénégal",https://images.coinafrique.com/thumb_5717554_uploaded_image1_1768255739.jpg,25000.0,Dakar,6
1771110632-109,https://sn.coinafrique.com/categorie/poules-lapins-et-pigeons?page=2,https://sn.coinafrique.com/annonce/poules-lapins-et-pigeons/couple-brahma-hermine-standard-4650066,Couple  Brahma Herminé standard,80 000 CFA,"Mbao, Dakar, Sénégal",https://images.coinafrique.com/thumb_4650066_uploaded_image1_1710871182.jpg,80000.0,Mbao,31
1771110635-110,https://sn.coinafrique.com/categorie/poules-lapins-et-pigeons?page=2,https://sn.coinafrique.com/annonce/poules-lapins-et-pigeons/ufs-a-couver-4651892,Œufs à couver,12 500 CFA,"Mbao, Dakar, Sénégal",,12500.0,Mbao,13
1771110638-111,https://sn.coinafrique.com/categorie/poules-lapins-et-pigeons?page=2,https://sn.coinafrique.com/annonce/poules-lapins-et-pigeons/pigeons-mondain-4653298,Pigeons Mondain,225 000 CFA,"Rufisque, Sénégal",https://images.coinafrique.com/thumb_5085521_uploaded_image1_1733851166.jpg,225000.0,Rufisque,15
1771110643-112,https://sn.coinafrique.com/categorie/poules-lapins-et-pigeons?page=2,https://sn.coinafrique.com/annonce/poules-lapins-et-pigeons/pigeon-texan-4653331,Pigeon Texan,80 000 CFA,"Rufisque, Sénégal",https://images.coinafrique.com/thumb_4653331_uploaded_image1_1711039616.jpg,80000.0,Rufisque,12
1771110647-113,https://sn.coinafrique.com/categorie/poules-lapins-et-pigeons?page=2,https://sn.coinafrique.com/annonce/poules-lapins-et-pigeons/pigeons-4662585,Pigeons,50 000 CFA,"Rufisque, Sénégal",https://images.coinafrique.com/thumb_5642510_uploaded_image1_1764173213.jpg,50000.0,Rufisque,7
1771110651-114,https://sn.coinafrique.com/categorie/poules-lapins-et-pigeons?page=2,https://sn.coinafrique.com/annonce/poules-lapins-et-pigeons/pigeon-mondain-andalou-4664895,Pigeon Mondain Andalou,300 CFA,"Cambérène, Dakar, Sénégal",https://images.coinafrique.com/thumb_4664895_uploaded_image1_1711663431.jpg,300.0,Cambérène,22
1771110654-115,https://sn.coinafrique.com/categorie/poules-lapins-et-pigeons?page=2,https://sn.coinafrique.com/annonce/poules-lapins-et-pigeons/pigeon-voyageur-a-manteau-4664901,Pigeon voyageur à manteau,Prix sur demande,"Cambérène, Dakar, Sénégal",https://images.coinafrique.com/thumb_4664901_uploaded_image1_1711663618.jpg,,Cambérène,25
1771110657-116,https://sn.coinafrique.com/categorie/poules-lapins-et-pigeons?page=2,https://sn.coinafrique.com/annonce/poules-lapins-et-pigeons/femelle-andalou-4667144,Femelle andalou,250 000 CFA,"Guediawaye, Dakar, Sénégal",https://images.coinafrique.com/thumb_4667144_uploaded_image1_1711815313.jpg,250000.0,Guediawaye,15
1771110662-117,https://sn.coinafrique.com/categorie/poules-lapins-et-pigeons?page=2,https://sn.coinafrique.com/annonce/poules-lapins-et-pigeons/poulets-de-chair-4667518,Poulets de chair,Prix sur demande,"Mbour, Sénégal",https://images.coinafrique.com/thumb_4667518_uploaded_image1_1711842967.jpg,,Mbour,16
1771110665-118,https://sn.coinafrique.com/categorie/poules-lapins-et-pigeons?page=2,https://sn.coinafrique.com/annonce/poules-lapins-et-pigeons/pigeon-mondain-ecailler-4685152,Pigeon Mondain écailler,170 000 CFA,"Guediawaye, Dakar, Sénégal",https://images.coinafrique.com/thumb_4685152_uploaded_image1_1712756876.jpg,170000.0,Guediawaye,23
1771110669-119,https://sn.coinafrique.com/categorie/poules-lapins-et-pigeons?page=2,https://sn.coinafrique.com/annonce/poules-lapins-et-pigeons/couple-pigeons-voyageur-4690857,Couple Pigeons voyageur,15 000 CFA,"Dakar, Sénégal",https://images.coinafrique.com/thumb_4690857_uploaded_image1_1713063525.jpg,15000.0,Dakar,23
1771110688-120,https://sn.coinafrique.com/categorie/poules-lapins-et-pigeons?page=2,https://sn.coinafrique.com/annonce/poules-lapins-et-pigeons/pigeon-male-voyageur-4690859,Pigeon Mâle voyageur,Prix sur demande,"Dakar, Sénégal",,,Dakar,20
1771110693-121,https://sn.coinafrique.com/categorie/poules-lapins-et-pigeons?page=2,https://sn.coinafrique.com/annonce/poules-lapins-et-pigeons/lapereaux-4703012,Lapereaux,13 500 CFA,"Guediawaye, Dakar, Sénégal",https://images.coinafrique.com/thumb_4703012_uploaded_image1_1713680804.jpg,13500.0,Guediawaye,9
1771110699-122,https://sn.coinafrique.com/categorie/poules-lapins-et-pigeons?page=2,https://sn.coinafrique.com/annonce/poules-lapins-et-pigeons/lapin-angora-4714367,Lapin Angora,20 000 CFA,"Mamelles, Dakar, Sénégal",https://images.coinafrique.com/thumb_4714367_uploaded_image1_1714245668.jpg,20000.0,Mamelles,12
1771110702-123,https://sn.coinafrique.com/categorie/poules-lapins-et-pigeons?page=2,https://sn.coinafrique.com/annonce/poules-lapins-et-pigeons/poulet-negre-de-soie-4723223,Poulet Nègre de soie,35 000 CFA,"Almadies, Dakar, Sénégal",,35000.0,Almadies,20
1771110705-124,https://sn.coinafrique.com/categorie/poules-lapins-et-pigeons?page=2,https://sn.coinafrique.com/annonce/poules-lapins-et-pigeons/pigeons-voyageurs-4729764,Pigeons voyageurs,Prix sur demande,"Dakar, Sénégal",https://images.coinafrique.com/thumb_5274172_uploaded_image1_1744216429.jpg,,Dakar,17
1771110734-125,https://sn.coinafrique.com/categorie/poules-lapins-et-pigeons?page=2,https://sn.coinafrique.com/annonce/poules-lapins-et-pigeons/poulet-4738369,Poulet,Prix sur demande,"Thies, Sénégal",,,Thies,6
1771110740-126,https://sn.coinafrique.com/categorie/poules-lapins-et-pigeons?page=2,https://sn.coinafrique.com/annonce/poules-lapins-et-pigeons/poulets-de-chair-4696598,Poulets de chair,1 500 CFA,"Mbao, Dakar, Sénégal",https://images.coinafrique.com/thumb_4696598_uploaded_image1_1713352074.jpg,1500.0,Mbao,16
1771110743-127,https://sn.coinafrique.com/categorie/poules-lapins-et-pigeons?page=2,https://sn.coinafrique.com/annonce/poules-lapins-et-pigeons/couple-lapereau-fauve-de-bourgogne-4751808,Couple lapereau fauve de bourgogne,40 000 CFA,"Lac rose, Sénégal",https://images.coinafrique.com/thumb_4751808_uploaded_image1_1716133783.jpg,40000.0,Lac rose,34
1771110748-128,https://sn.coinafrique.com/categorie/poules-lapins-et-pigeons?page=2,https://sn.coinafrique.com/annonce/poules-lapins-et-pigeons/poulet-race-4787594,Poulet race,Prix sur demande,"Keur Massar, Sénégal",https://images.coinafrique.com/thumb_4787594_uploaded_image1_1717954434.jpg,,Keur Massar,11
1771110751-129,https://sn.coinafrique.com/categorie/poules-lapins-et-pigeons?page=2,https://sn.coinafrique.com/annonce/poules-lapins-et-pigeons/texan-pionnier-4800306,Texan pionnier,Prix sur demande,"Guediawaye, Dakar, Sénégal",https://images.coinafrique.com/thumb_4800306_uploaded_image1_1718745517.jpg,,Guediawaye,14
1771110755-130,https://sn.coinafrique.com/categorie/poules-lapins-et-pigeons?page=2,https://sn.coinafrique.com/annonce/poules-lapins-et-pigeons/jeune-couple-mondain-4800310,Jeune couple Mondain,Prix sur demande,"Guediawaye, Dakar, Sénégal",https://images.coinafrique.com/thumb_5507608_uploaded_image1_1756942600.jpg,,Guediawaye,20
1771110758-131,https://sn.coinafrique.com/categorie/poules-lapins-et-pigeons?page=2,https://sn.coinafrique.com/annonce/poules-lapins-et-pigeons/poule-brahma-4807398,Poule Brahma,95 000 CFA,"Rufisque, Sénégal",https://images.coinafrique.com/thumb_4807398_uploaded_image1_1719187421.jpg,95000.0,Rufisque,12
1771110762-132,https://sn.coinafrique.com/categorie/poules-lapins-et-pigeons?page=2,https://sn.coinafrique.com/annonce/poules-lapins-et-pigeons/poulet-du-pays-4807968,Poulet du pays,3 500 CFA,"Saint Louis, Sénégal",https://images.coinafrique.com/thumb_4807968_uploaded_image1_1719229010.jpg,3500.0,Saint Louis,14
1771110771-133,https://sn.coinafrique.com/categorie/poules-lapins-et-pigeons?page=2,https://sn.coinafrique.com/annonce/poules-lapins-et-pigeons/hermines-et-cochins-4817873,Hermines et cochins,500 CFA,"Mermoz-Sacré Coeur, Dakar, Sénégal",https://images.coinafrique.com/thumb_4817873_uploaded_image1_1719747122.jpg,500.0,Mermoz,19
1771110775-134,https://sn.coinafrique.com/categorie/poules-lapins-et-pigeons?page=2,https://sn.coinafrique.com/annonce/poules-lapins-et-pigeons/cochin-porteur-cailloute-paire-4818681,Cochin porteur caillouté paire,120 000 CFA,"Mbao, Dakar, Sénégal",https://images.coinafrique.com/thumb_4818681_uploaded_image1_1719796046.jpg,120000.0,Mbao,30
1771110778-135,https://sn.coinafrique.com/categorie/poules-lapins-et-pigeons?page=2,https://sn.coinafrique.com/annonce/poules-lapins-et-pigeons/male-brahman-hiermines-4824501,Mâle brahman Hierminés,Prix sur demande,"Dakar, Sénégal",,,Dakar,22
1771110811-136,https://sn.coinafrique.com/categorie/poules-lapins-et-pigeons?page=2,https://sn.coinafrique.com/annonce/poules-lapins-et-pigeons/poussin-hermine-standard-4824502,Poussin Herminé standard,Prix sur demande,"Dakar, Sénégal",,,Dakar,24
1771110815-137,https://sn.coinafrique.com/categorie/poules-lapins-et-pigeons?page=2,https://sn.coinafrique.com/annonce/poules-lapins-et-pigeons/jeune-mondain-2024-4840128,Jeune Mondain 2024,150 000 CFA,"Thiaroye, Sénégal",https://images.coinafrique.com/thumb_4840128_uploaded_image1_1720797760.jpg,150000.0,Thiaroye,18
1771110824-138,https://sn.coinafrique.com/categorie/poules-lapins-et-pigeons?page=2,https://sn.coinafrique.com/annonce/poules-lapins-et-pigeons/pigeons-texan-4860848,Pigeons  Texan,20 000 CFA,"Mermoz-Sacré Coeur, Dakar, Sénégal",https://images.coinafrique.com/thumb_4860848_uploaded_image1_1721930260.jpg,20000.0,Mermoz,14
1771110827-139,https://sn.coinafrique.com/categorie/poules-lapins-et-pigeons?page=2,https://sn.coinafrique.com/annonce/poules-lapins-et-pigeons/pan-indien-blanc-4860862,Pan indien blanc,35 000 CFA,"Mermoz-Sacré Coeur, Dakar, Sénégal",,35000.0,Mermoz,16
1771110832-140,https://sn.coinafrique.com/categorie/poules-lapins-et-pigeons?page=2,https://sn.coinafrique.com/annonce/poules-lapins-et-pigeons/pigeon-mondain-noir-4862270,Pigeon mondain noir,170 000 CFA,"Guediawaye, Dakar, Sénégal",https://images.coinafrique.com/thumb_5232372_uploaded_image1_1741970489.jpg,170000.0,Guediawaye,19
1771110836-141,https://sn.coinafrique.com/categorie/poules-lapins-et-pigeons?page=2,https://sn.coinafrique.com/annonce/poules-lapins-et-pigeons/cochin-cailloute-et-porteur-cailloute-4862961,Cochin Caillouté Et Porteur Caillouté,Prix sur demande,"Pikine, Sénégal",https://images.coinafrique.com/thumb_4862961_uploaded_image1_1722048205.jpg,,Pikine,37
1771110839-142,https://sn.coinafrique.com/categorie/poules-lapins-et-pigeons?page=2,https://sn.coinafrique.com/annonce/poules-lapins-et-pigeons/lapin-nain-4865409,Lapin nain,30 000 CFA,"Parcelle Assainies, Dakar, Sénégal",https://images.coinafrique.com/thumb_5693264_uploaded_image1_1766935865.jpg,30000.0,Parcelle Assainies,10
1771110844-143,https://sn.coinafrique.com/categorie/poules-lapins-et-pigeons?page=2,https://sn.coinafrique.com/annonce/poules-lapins-et-pigeons/pigeon-boulant-gaditano-4884507,Pigeon Boulant Gaditano,Prix sur demande,"Dakar, Sénégal",https://images.coinafrique.com/thumb_4884507_uploaded_image1_1723139531.jpg,,Dakar,23
1771110847-144,https://sn.coinafrique.com/categorie/poules-lapins-et-pigeons?page=2,https://sn.coinafrique.com/annonce/poules-lapins-et-pigeons/pigeon-voyageur-4917441,pigeon voyageur,Prix sur demande,"Guediawaye, Dakar, Sénégal",https://images.coinafrique.com/thumb_4917441_uploaded_image1_1724967120.jpg,,Guediawaye,15
1771110850-145,https://sn.coinafrique.com/categorie/poules-lapins-et-pigeons?page=2,https://sn.coinafrique.com/annonce/poules-lapins-et-pigeons/pigeons-voyageurs-et-boulants-4920745,Pigeons Voyageurs  et boulants,Prix sur demande,"Dakar, Sénégal",https://images.coinafrique.com/thumb_4920745_uploaded_image1_1725167512.jpg,,Dakar,30
1771110853-146,https://sn.coinafrique.com/categorie/poules-lapins-et-pigeons?page=2,https://sn.coinafrique.com/annonce/poules-lapins-et-pigeons/couples-lapins-4932369,couples lapins,15 000 CFA,"Pikine, Sénégal",https://images.coinafrique.com/thumb_5773429_uploaded_image1_1770999151.jpg,15000.0,Pikine,14
1771110857-147,https://sn.coinafrique.com/categorie/poules-lapins-et-pigeons?page=2,https://sn.coinafrique.com/annonce/poules-lapins-et-pigeons/poule-brahma-4936101,Poule Brahma,Prix sur demande,"Dakar, Sénégal",https://images.coinafrique.com/thumb_5717554_uploaded_image1_1768255739.jpg,,Dakar,12
1771110860-148,https://sn.coinafrique.com/categorie/poules-lapins-et-pigeons?page=2,https://sn.coinafrique.com/annonce/poules-lapins-et-pigeons/pigeon-voyageur-4936241,Pigeon voyageur,25 000 CFA,"Mariste, Dakar, Sénégal",https://images.coinafrique.com/thumb_4946879_uploaded_image1_1726499763.jpg,25000.0,Mariste,15
1771110864-149,https://sn.coinafrique.com/categorie/poules-lapins-et-pigeons?page=2,https://sn.coinafrique.com/annonce/poules-lapins-et-pigeons/poulets-fermiers-4942161,Poulets Fermiers,10 000 CFA,"Hann Bel-Air, Dakar, Sénégal",https://images.coinafrique.com/thumb_4942161_uploaded_image1_1726204258.jpg,10000.0,Hann Bel,16
1771110867-150,https://sn.coinafrique.com/categorie/poules-lapins-et-pigeons?page=2,https://sn.coinafrique.com/annonce/poules-lapins-et-pigeons/pigeon-voyageur-4946878,Pigeon voyageur,15 000 CFA,"Mariste, Dakar, Sénégal",https://images.coinafrique.com/thumb_4946879_uploaded_image1_1726499763.jpg,15000.0,Mariste,15
1771110870-151,https://sn.coinafrique.com/categorie/poules-lapins-et-pigeons?page=2,https://sn.coinafrique.com/annonce/poules-lapins-et-pigeons/pigeon-voyageur-4946879,Pigeon voyageur,Prix sur demande,"Mariste, Dakar, Sénégal",https://images.coinafrique.com/thumb_4946879_uploaded_image1_1726499763.jpg,,Mariste,15
1771110874-152,https://sn.coinafrique.com/categorie/poules-lapins-et-pigeons?page=2,https://sn.coinafrique.com/annonce/poules-lapins-et-pigeons/lapin-4966470,Lapin,15 000 CFA,"Keur Massar, Sénégal",https://images.coinafrique.com/thumb_5514578_uploaded_image2_1757331557.jpeg,15000.0,Keur Massar,5
1771110877-153,https://sn.coinafrique.com/categorie/poules-lapins-et-pigeons?page=2,https://sn.coinafrique.com/annonce/poules-lapins-et-pigeons/coq-4975038,Coq,3 000 CFA,"Hann Bel-Air, Dakar, Sénégal",https://images.coinafrique.com/thumb_4975038_uploaded_image1_1727964716.jpg,3000.0,Hann Bel,3
1771110881-154,https://sn.coinafrique.com/categorie/poules-lapins-et-pigeons?page=2,https://sn.coinafrique.com/annonce/poules-lapins-et-pigeons/lapins-4975768,Lapins,15 000 CFA,"Grand Yoff, Dakar, Sénégal",https://images.coinafrique.com/thumb_4975768_uploaded_image1_1727986043.jpg,15000.0,Grand Yoff,6
1771110885-155,https://sn.coinafrique.com/categorie/poules-lapins-et-pigeons?page=2,https://sn.coinafrique.com/annonce/poules-lapins-et-pigeons/couple-lapins-4981240,Couple lapins,15 000 CFA,"Pikine, Sénégal",https://images.coinafrique.com/thumb_5773429_uploaded_image1_1770999151.jpg,15000.0,Pikine,13
1771110889-156,https://sn.coinafrique.com/categorie/poules-lapins-et-pigeons?page=2,https://sn.coinafrique.com/annonce/poules-lapins-et-pigeons/poule-brahma-4993341,Poule Brahma,Prix sur demande,"Parcelle Assainies, Dakar, Sénégal",https://images.coinafrique.com/thumb_4993341_uploaded_image1_1728920307.jpg,,Parcelle Assainies,12
1771110892-157,https://sn.coinafrique.com/categorie/poules-lapins-et-pigeons?page=2,https://sn.coinafrique.com/annonce/poules-lapins-et-pigeons/pigeon-pan-indien-4996843,Pigeon pan indien,10 000 CFA,"Patte d'oie, Dakar, Sénégal",https://images.coinafrique.com/thumb_4996843_uploaded_image1_1729085675.jpg,10000.0,Patte d'oie,17
1771110900-158,https://sn.coinafrique.com/categorie/poules-lapins-et-pigeons?page=1,https://sn.coinafrique.com/annonce/poules-lapins-et-pigeons/rex-garenne-4998472,Rex garenne,Prix sur demande,"Almadies 2, Dakar, Sénégal",https://images.coinafrique.com/thumb_4998472_uploaded_image1_1729159431.jpg,,Almadies 2,11
1771110904-159,https://sn.coinafrique.com/categorie/poules-lapins-et-pigeons?page=1,https://sn.coinafrique.com/annonce/poules-lapins-et-pigeons/lapins-male-adulte-5000540,lapins mâle adulte,15 000 CFA,"Pikine, Sénégal",,15000.0,Pikine,18
1771110907-160,https://sn.coinafrique.com/categorie/poules-lapins-et-pigeons?page=1,https://sn.coinafrique.com/annonce/poules-lapins-et-pigeons/couple-mantau-ecailles-de-2-mois-5043101,Couple mantau écailles de 2 mois,15 000 CFA,"Mbour, Sénégal",https://images.coinafrique.com/thumb_5043101_uploaded_image1_1731565347.jpg,15000.0,Mbour,32
1771110910-161,https://sn.coinafrique.com/categorie/poules-lapins-et-pigeons?page=1,https://sn.coinafrique.com/annonce/poules-lapins-et-pigeons/poule-brahma-5044135,Poule Brahma,45 000 CFA,"Pikine, Sénégal",https://images.coinafrique.com/thumb_5044135_uploaded_image1_1731603018.jpg,45000.0,Pikine,12
1771110914-162,https://sn.coinafrique.com/categorie/poules-lapins-et-pigeons?page=1,https://sn.coinafrique.com/annonce/poules-lapins-et-pigeons/couple-boulon-saxe-5069958,couple boulon saxe,45 000 CFA,"Mariste, Dakar, Sénégal",https://images.coinafrique.com/thumb_5069958_uploaded_image1_1733056070.jpg,45000.0,Mariste,18
1771110917-163,https://sn.coinafrique.com/categorie/poules-lapins-et-pigeons?page=1,https://sn.coinafrique.com/annonce/poules-lapins-et-pigeons/mondain-noir-5078519,Mondain noir,150 000 CFA,"Guediawaye, Dakar, Sénégal",https://images.coinafrique.com/thumb_5232372_uploaded_image1_1741970489.jpg,150000.0,Guediawaye,12
1771110921-164,https://sn.coinafrique.com/categorie/poules-lapins-et-pigeons?page=1,https://sn.coinafrique.com/annonce/poules-lapins-et-pigeons/poussin-brahman-5080703,Poussin brahman,25 000 CFA,"Pikine, Sénégal",https://images.coinafrique.com/thumb_5080703_uploaded_image1_1733571477.jpg,25000.0,Pikine,15
1771110925-165,https://sn.coinafrique.com/categorie/poules-lapins-et-pigeons?page=1,https://sn.coinafrique.com/annonce/poules-lapins-et-pigeons/pigeon-mondain-5085521,Pigeon Mondain,200 000 CFA,"Rufisque, Sénégal",https://images.coinafrique.com/thumb_5085521_uploaded_image1_1733851166.jpg,200000.0,Rufisque,14
1771110928-166,https://sn.coinafrique.com/categorie/poules-lapins-et-pigeons?page=1,https://sn.coinafrique.com/annonce/poules-lapins-et-pigeons/couple-lahore-lavande-5088564,Couple lahore lavande,30 000 CFA,"Patte d'oie, Dakar, Sénégal",https://images.coinafrique.com/thumb_5088564_uploaded_image1_1734010113.jpg,30000.0,Patte d'oie,21
1771110932-167,https://sn.coinafrique.com/categorie/poules-lapins-et-pigeons?page=1,https://sn.coinafrique.com/annonce/poules-lapins-et-pigeons/poussins-5104370,Poussins,Prix sur demande,"Parcelle Assainies, Dakar, Sénégal",https://images.coinafrique.com/thumb_5104370_uploaded_image1_1734964382.jpg,,Parcelle Assainies,8
1771110935-168,https://sn.coinafrique.com/categorie/poules-lapins-et-pigeons?page=1,https://sn.coinafrique.com/annonce/poules-lapins-et-pigeons/poussin-hermine-5107651,Poussin Herminé,36 000 CFA,"Dakar, Sénégal",https://images.coinafrique.com/thumb_5280953_uploaded_image1_1744629489.jpg,36000.0,Dakar,15
1771110939-169,https://sn.coinafrique.com/categorie/poules-lapins-et-pigeons?page=1,https://sn.coinafrique.com/annonce/poules-lapins-et-pigeons/lapin-5119494,Lapin,12 000 CFA,"Diamniadio, Sénégal",https://images.coinafrique.com/thumb_5119498_uploaded_image1_1736025924.jpg,12000.0,Diamniadio,5
1771110943-170,https://sn.coinafrique.com/categorie/poules-lapins-et-pigeons?page=1,https://sn.coinafrique.com/annonce/poules-lapins-et-pigeons/lapin-5119498,Lapin,12 000 CFA,"Diamniadio, Sénégal",https://images.coinafrique.com/thumb_5119498_uploaded_image1_1736025924.jpg,12000.0,Diamniadio,5
1771110946-171,https://sn.coinafrique.com/categorie/poules-lapins-et-pigeons?page=1,https://sn.coinafrique.com/annonce/poules-lapins-et-pigeons/pigeon-mondain-5121788,Pigeon Mondain,150 000 CFA,"Guediawaye, Dakar, Sénégal",https://images.coinafrique.com/thumb_5572903_uploaded_image1_1760428699.jpg,150000.0,Guediawaye,14
1771110950-172,https://sn.coinafrique.com/categorie/poules-lapins-et-pigeons?page=1,https://sn.coinafrique.com/annonce/poules-lapins-et-pigeons/poussin-hermine-5179009,Poussin herminé,10 000 CFA,"Dakar, Sénégal",https://images.coinafrique.com/thumb_5280953_uploaded_image1_1744629489.jpg,10000.0,Dakar,15
1771110954-173,https://sn.coinafrique.com/categorie/poules-lapins-et-pigeons?page=1,https://sn.coinafrique.com/annonce/poules-lapins-et-pigeons/pigeon-voyageur-5180652,Pigeon voyageur,5 000 CFA,"Dakar Plateau, Dakar, Sénégal",https://images.coinafrique.com/thumb_5180652_uploaded_image1_1739276152.jpg,5000.0,Dakar Plateau,15
1771110958-174,https://sn.coinafrique.com/categorie/poules-lapins-et-pigeons?page=1,https://sn.coinafrique.com/annonce/poules-lapins-et-pigeons/lapin-californien-5189123,Lapin Californien,120 000 CFA,"Almadies 2, Dakar, Sénégal",https://images.coinafrique.com/thumb_5189123_uploaded_image1_1739781768.jpg,120000.0,Almadies 2,17
1771110961-175,https://sn.coinafrique.com/categorie/poules-lapins-et-pigeons?page=1,https://sn.coinafrique.com/annonce/poules-lapins-et-pigeons/lapins-metis-californiens-5198096,Lapins métis californiens,10 000 CFA,"Keur Massar, Sénégal",,10000.0,Keur Massar,25
1771110994-176,https://sn.coinafrique.com/categorie/poules-lapins-et-pigeons?page=1,https://sn.coinafrique.com/annonce/poules-lapins-et-pigeons/lapin-metis-californien-5225208,Lapin Métis Californien,25 000 CFA,"Keur Massar, Sénégal",,25000.0,Keur Massar,23
1771110997-177,https://sn.coinafrique.com/categorie/poules-lapins-et-pigeons?page=1,https://sn.coinafrique.com/annonce/poules-lapins-et-pigeons/pigeon-mondain-5232372,Pigeon Mondain,150 000 CFA,"Guediawaye, Dakar, Sénégal",https://images.coinafrique.com/thumb_5572903_uploaded_image1_1760428699.jpg,150000.0,Guediawaye,14
1771111000-178,https://sn.coinafrique.com/categorie/poules-lapins-et-pigeons?page=1,https://sn.coinafrique.com/annonce/poules-lapins-et-pigeons/pigeon-5246700,Pigeon,100 000 CFA,"Sicap Liberté, Dakar, Sénégal",https://images.coinafrique.com/thumb_5321991_uploaded_image1_1746917494.jpg,100000.0,Sicap Liberté,6
1771111005-179,https://sn.coinafrique.com/categorie/poules-lapins-et-pigeons?page=1,https://sn.coinafrique.com/annonce/poules-lapins-et-pigeons/poulet-local-5252650,Poulet local,3 500 CFA,"Patte d'oie, Dakar, Sénégal",https://images.coinafrique.com/thumb_5252650_uploaded_image1_1743037834.jpg,3500.0,Patte d'oie,12
1771111008-180,https://sn.coinafrique.com/categorie/poules-lapins-et-pigeons?page=1,https://sn.coinafrique.com/annonce/poules-lapins-et-pigeons/pigeons-de-race-5258333,Pigeons de race,Prix sur demande,"Ouakam, Dakar, Sénégal",,,Ouakam,15
1771111012-181,https://sn.coinafrique.com/categorie/poules-lapins-et-pigeons?page=1,https://sn.coinafrique.com/annonce/poules-lapins-et-pigeons/brahma-columbia-5272290,Brahma columbia,Prix sur demande,"Parcelle Assainies, Dakar, Sénégal",https://images.coinafrique.com/thumb_5272290_uploaded_image1_1744128456.jpg,,Parcelle Assainies,15
1771111016-182,https://sn.coinafrique.com/categorie/poules-lapins-et-pigeons?page=1,https://sn.coinafrique.com/annonce/poules-lapins-et-pigeons/pigeons-voyageurs-5274172,Pigeons voyageurs,Prix sur demande,"Dakar, Sénégal",,,Dakar,17
1771111022-183,https://sn.coinafrique.com/categorie/poules-lapins-et-pigeons?page=1,https://sn.coinafrique.com/annonce/poules-lapins-et-pigeons/pigeon-5274182,Pigeon,Prix sur demande,"Dakar, Sénégal",https://images.coinafrique.com/thumb_5674944_uploaded_image1_1765881198.jpg,,Dakar,6
1771111025-184,https://sn.coinafrique.com/categorie/poules-lapins-et-pigeons?page=1,https://sn.coinafrique.com/annonce/poules-lapins-et-pigeons/barman-5276065,Barman,12 500 CFA,"Mbour, Sénégal",https://images.coinafrique.com/thumb_5276065_uploaded_image1_1744311662.jpg,12500.0,Mbour,6
1771111028-185,https://sn.coinafrique.com/categorie/poules-lapins-et-pigeons?page=1,https://sn.coinafrique.com/annonce/poules-lapins-et-pigeons/lapin-geant-5276799,Lapin geant,Prix sur demande,"Keur Massar, Sénégal",https://images.coinafrique.com/thumb_5276799_uploaded_image1_1744362952.jpg,,Keur Massar,11
1771111033-186,https://sn.coinafrique.com/categorie/poules-lapins-et-pigeons?page=1,https://sn.coinafrique.com/annonce/poules-lapins-et-pigeons/poule-5280953,Poule,25 000 CFA,"Dakar, Sénégal",https://images.coinafrique.com/thumb_5717554_uploaded_image1_1768255739.jpg,25000.0,Dakar,5
1771111037-187,https://sn.coinafrique.com/categorie/poules-lapins-et-pigeons?page=1,https://sn.coinafrique.com/annonce/poules-lapins-et-pigeons/pigeon-5290537,Pigeon,30 000 CFA,"Thies, Sénégal",https://images.coinafrique.com/thumb_5486667_uploaded_image1_1755797873.jpg,30000.0,Thies,6
1771111043-188,https://sn.coinafrique.com/categorie/poules-lapins-et-pigeons?page=1,https://sn.coinafrique.com/annonce/poules-lapins-et-pigeons/pigeon-king-indigo-5321991,Pigeon King Indigo,Prix sur demande,"Sicap Liberté, Dakar, Sénégal",https://images.coinafrique.com/thumb_5321991_uploaded_image1_1746917494.jpg,,Sicap Liberté,18
1771111047-189,https://sn.coinafrique.com/categorie/poules-lapins-et-pigeons?page=1,https://sn.coinafrique.com/annonce/poules-lapins-et-pigeons/pigeon-voyageur-5323552,Pigeon voyageur,Prix sur demande,"Ouakam, Dakar, Sénégal",https://images.coinafrique.com/thumb_5323552_uploaded_image1_1747045029.jpg,,Ouakam,15
1771111050-190,https://sn.coinafrique.com/categorie/poules-lapins-et-pigeons?page=1,https://sn.coinafrique.com/annonce/poules-lapins-et-pigeons/dindon-5323572,Dindon,Prix sur demande,"Ouakam, Dakar, Sénégal",https://images.coinafrique.com/thumb_5323572_uploaded_image1_1747046013.jpg,,Ouakam,6
1771111054-191,https://sn.coinafrique.com/categorie/poules-lapins-et-pigeons?page=1,https://sn.coinafrique.com/annonce/poules-lapins-et-pigeons/couple-braman-hermine-5329869,Couple Braman Hermine,90 000 CFA,"Parcelle Assainies, Dakar, Sénégal",https://images.coinafrique.com/thumb_5329879_uploaded_image1_1747329681.jpg,90000.0,Parcelle Assainies,21
1771111056-192,https://sn.coinafrique.com/categorie/poules-lapins-et-pigeons?page=1,https://sn.coinafrique.com/annonce/poules-lapins-et-pigeons/couple-braman-hermine-5329879,Couple Braman Hermine,90 000 CFA,"Parcelle Assainies, Dakar, Sénégal",https://images.coinafrique.com/thumb_5329879_uploaded_image1_1747329681.jpg,90000.0,Parcelle Assainies,21
1771111060-193,https://sn.coinafrique.com/categorie/poules-lapins-et-pigeons?page=1,https://sn.coinafrique.com/annonce/poules-lapins-et-pigeons/couple-mondain-adulte-2024-5337087,couple mondain adulte 2024,200 000 CFA,"Pikine, Sénégal",https://images.coinafrique.com/thumb_5337087_uploaded_image1_1747753115.jpg,200000.0,Pikine,26
1771111065-194,https://sn.coinafrique.com/categorie/poules-lapins-et-pigeons?page=1,https://sn.coinafrique.com/annonce/poules-lapins-et-pigeons/poulet-5344600,Poulet,50 000 CFA,"Thies, Sénégal",https://images.coinafrique.com/thumb_5344600_uploaded_image1_1748179147.jpg,50000.0,Thies,6
1771111070-195,https://sn.coinafrique.com/categorie/poules-lapins-et-pigeons?page=1,https://sn.coinafrique.com/annonce/poules-lapins-et-pigeons/lapins-metis-californien-5350705,Lapins Métis Californien,10 000 CFA,"Keur Massar, Sénégal",,10000.0,Keur Massar,24
1771111074-196,https://sn.coinafrique.com/categorie/poules-lapins-et-pigeons?page=1,https://sn.coinafrique.com/annonce/poules-lapins-et-pigeons/poussins-brahma-5352324,Poussins Brahma,Prix sur demande,"Ouakam, Dakar, Sénégal",https://images.coinafrique.com/thumb_5352324_uploaded_image1_1748613214.jpg,,Ouakam,15
1771111078-197,https://sn.coinafrique.com/categorie/poules-lapins-et-pigeons?page=1,https://sn.coinafrique.com/annonce/poules-lapins-et-pigeons/poulet-padovani-5353407,Poulet Padovani,45 000 CFA,"Louga, Sénégal",https://images.coinafrique.com/thumb_5353407_uploaded_image1_1748690625.jpg,45000.0,Louga,15
1771111082-198,https://sn.coinafrique.com/categorie/poules-lapins-et-pigeons?page=1,https://sn.coinafrique.com/annonce/poules-lapins-et-pigeons/lapin-metis-californien-5364052,Lapin Métis californien,15 000 CFA,"Keur Massar, Sénégal",,15000.0,Keur Massar,23
1771111091-199,https://sn.coinafrique.com/categorie/poules-lapins-et-pigeons?page=1,https://sn.coinafrique.com/annonce/poules-lapins-et-pigeons/couple-voyageur-5381347,Couple voyageur,15 000 CFA,"Mariste, Dakar, Sénégal",https://images.coinafrique.com/thumb_5381347_uploaded_image1_1750286641.jpg,15000.0,Mariste,15
1771111094-200,https://sn.coinafrique.com/categorie/poules-lapins-et-pigeons?page=1,https://sn.coinafrique.com/annonce/poules-lapins-et-pigeons/lapins-5384185,Lapins,Prix sur demande,"Thies, Sénégal",https://images.coinafrique.com/thumb_5384185_uploaded_image1_1750435313.jpg,,Thies,6
1771111098-201,https://sn.coinafrique.com/categorie/poules-lapins-et-pigeons?page=1,https://sn.coinafrique.com/annonce/poules-lapins-et-pigeons/poulet-pondeuses-5393356,Poulet pondeuses,Prix sur demande,"Mbour, Sénégal",https://images.coinafrique.com/thumb_5393356_uploaded_image1_1750945446.jpg,,Mbour,16
1771111102-202,https://sn.coinafrique.com/categorie/poules-lapins-et-pigeons?page=1,https://sn.coinafrique.com/annonce/poules-lapins-et-pigeons/coqs-colores-5394586,Coqs colorés,8 000 CFA,"Biscuiterie, Dakar, Sénégal",https://images.coinafrique.com/thumb_5394586_uploaded_image1_1751020727.jpg,8000.0,Biscuiterie,12
1771111105-203,https://sn.coinafrique.com/categorie/poules-lapins-et-pigeons?page=1,https://sn.coinafrique.com/annonce/poules-lapins-et-pigeons/poussins-frises-5402120,Poussins frisés,15 000 CFA,"Keur Massar, Sénégal",https://images.coinafrique.com/thumb_5430818_uploaded_image1_1752929676.jpg,15000.0,Keur Massar,15
1771111109-204,https://sn.coinafrique.com/categorie/poules-lapins-et-pigeons?page=1,https://sn.coinafrique.com/annonce/poules-lapins-et-pigeons/poussins-frises-5402124,Poussins frisés,15 000 CFA,"Keur Massar, Sénégal",https://images.coinafrique.com/thumb_5430818_uploaded_image1_1752929676.jpg,15000.0,Keur Massar,15
1771111113-205,https://sn.coinafrique.com/categorie/poules-lapins-et-pigeons?page=1,https://sn.coinafrique.com/annonce/poules-lapins-et-pigeons/poussins-brahmas-importes-5404325,Poussins brahmas importés,10 000 CFA,"Diamalaye 2, Dakar, Sénégal",https://images.coinafrique.com/thumb_5404325_uploaded_image1_1751544553.jpg,10000.0,Diamalaye 2,25
1771111118-206,https://sn.coinafrique.com/categorie/poules-lapins-et-pigeons?page=1,https://sn.coinafrique.com/annonce/poules-lapins-et-pigeons/poussins-brahma-blanc-hermine-5414572,Poussins brahma blanc herminé,25 000 CFA,"Dieuppeul-Derklé, Dakar, Sénégal",https://images.coinafrique.com/thumb_5414572_uploaded_image1_1752060211.jpg,25000.0,Dieuppeul,29
1771111123-207,https://sn.coinafrique.com/categorie/poules-lapins-et-pigeons?page=1,https://sn.coinafrique.com/annonce/poules-lapins-et-pigeons/poussins-frises-5430818,Poussins frisés,15 000 CFA,"Keur Massar, Sénégal",https://images.coinafrique.com/thumb_5430818_uploaded_image1_1752929676.jpg,15000.0,Keur Massar,15
1771111126-208,https://sn.coinafrique.com/categorie/poules-lapins-et-pigeons?page=1,https://sn.coinafrique.com/annonce/poules-lapins-et-pigeons/brahman-hermine-5435588,Brahman herminé,Prix sur demande,"Keur Massar, Sénégal",https://images.coinafrique.com/thumb_5435588_uploaded_image1_1753200754.jpg,,Keur Massar,15
1771111130-209,https://sn.coinafrique.com/categorie/poules-lapins-et-pigeons?page=1,https://sn.coinafrique.com/annonce/poules-lapins-et-pigeons/lapin-metis-californien-5437884,Lapin Métis Californien,25 000 CFA,"Keur Massar, Sénégal",,25000.0,Keur Massar,23
1771111134-210,https://sn.coinafrique.com/categorie/poules-lapins-et-pigeons?page=1,https://sn.coinafrique.com/annonce/poules-lapins-et-pigeons/lapin-5465434,Lapin,35 000 CFA,"Almadies, Dakar, Sénégal",https://images.coinafrique.com/thumb_5465434_uploaded_image1_1754648894.jpg,35000.0,Almadies,5
1771111137-211,https://sn.coinafrique.com/categorie/poules-lapins-et-pigeons?page=1,https://sn.coinafrique.com/annonce/poules-lapins-et-pigeons/pigeon-beaute-allemande-5486666,Pigeon Beauté Allemande,Prix sur demande,"Thies, Sénégal",https://images.coinafrique.com/thumb_5486666_uploaded_image1_1755797791.jpg,,Thies,23
1771111140-212,https://sn.coinafrique.com/categorie/poules-lapins-et-pigeons?page=1,https://sn.coinafrique.com/annonce/poules-lapins-et-pigeons/pigeon-lahore-levante-5486667,Pigeon Lahore Levante,Prix sur demande,"Thies, Sénégal",https://images.coinafrique.com/thumb_5486667_uploaded_image1_1755797873.jpg,,Thies,21
1771111144-213,https://sn.coinafrique.com/categorie/poules-lapins-et-pigeons?page=1,https://sn.coinafrique.com/annonce/poules-lapins-et-pigeons/pigeon-culbtant-volga-5497140,Pigeon culbtant volga,30 000 CFA,"Fatick, Sénégal",https://images.coinafrique.com/thumb_5497140_uploaded_image1_1756393034.jpg,30000.0,Fatick,21
1771111151-214,https://sn.coinafrique.com/categorie/poules-lapins-et-pigeons?page=1,https://sn.coinafrique.com/annonce/poules-lapins-et-pigeons/couple-manteau-noir-5497155,Couple Manteau noir,15 000 CFA,"Ouakam, Dakar, Sénégal",https://images.coinafrique.com/thumb_5497155_uploaded_image1_1756393487.jpg,15000.0,Ouakam,19
1771111154-215,https://sn.coinafrique.com/categorie/poules-lapins-et-pigeons?page=1,https://sn.coinafrique.com/annonce/poules-lapins-et-pigeons/couple-mondain-5497172,Couple Mondain,100 000 CFA,"Ouakam, Dakar, Sénégal",https://images.coinafrique.com/thumb_5497172_uploaded_image1_1756394052.jpg,100000.0,Ouakam,14
1771111157-216,https://sn.coinafrique.com/categorie/poules-lapins-et-pigeons?page=1,https://sn.coinafrique.com/annonce/poules-lapins-et-pigeons/couples-texans-pionniers-5497183,Couples texans pionniers,40 000 CFA,"Ouakam, Dakar, Sénégal",https://images.coinafrique.com/thumb_5497183_uploaded_image1_1756394350.jpg,40000.0,Ouakam,24
1771111160-217,https://sn.coinafrique.com/categorie/poules-lapins-et-pigeons?page=1,https://sn.coinafrique.com/annonce/poules-lapins-et-pigeons/cochin-cailloute-5497195,Cochin caillouté,Prix sur demande,"Ouakam, Dakar, Sénégal",https://images.coinafrique.com/thumb_5497195_uploaded_image1_1756395052.jpg,,Ouakam,16
1771111163-218,https://sn.coinafrique.com/categorie/poules-lapins-et-pigeons?page=1,https://sn.coinafrique.com/annonce/poules-lapins-et-pigeons/pigeons-5458528,Pigeons,100 000 CFA,"Parcelle Assainies, Dakar, Sénégal",https://images.coinafrique.com/thumb_5458528_uploaded_image1_1754315737.jpg,100000.0,Parcelle Assainies,7
1771111166-219,https://sn.coinafrique.com/categorie/poules-lapins-et-pigeons?page=1,https://sn.coinafrique.com/annonce/poules-lapins-et-pigeons/pigeon-mondain-5507606,Pigeon Mondain,120 000 CFA,"Guediawaye, Dakar, Sénégal",https://images.coinafrique.com/thumb_5572903_uploaded_image1_1760428699.jpg,120000.0,Guediawaye,14
1771111189-220,https://sn.coinafrique.com/categorie/poules-lapins-et-pigeons?page=1,https://sn.coinafrique.com/annonce/poules-lapins-et-pigeons/pigeon-mondain-5507608,Pigeon Mondain,120 000 CFA,"Guediawaye, Dakar, Sénégal",https://images.coinafrique.com/thumb_5572903_uploaded_image1_1760428699.jpg,120000.0,Guediawaye,14
1771111193-221,https://sn.coinafrique.com/categorie/poules-lapins-et-pigeons?page=1,https://sn.coinafrique.com/annonce/poules-lapins-et-pigeons/lapin-5514578,Lapin,40 000 CFA,"Keur Massar, Sénégal",https://images.coinafrique.com/thumb_5514578_uploaded_image2_1757331557.jpeg,40000.0,Keur Massar,5
1771111197-222,https://sn.coinafrique.com/categorie/poules-lapins-et-pigeons?page=1,https://sn.coinafrique.com/annonce/poules-lapins-et-pigeons/pigeon-5521622,Pigeon,15 000 CFA,"Ouest Foire, Dakar, Sénégal",https://images.coinafrique.com/thumb_5521622_uploaded_image1_1757666321.jpg,15000.0,Ouest Foire,6
1771111201-223,https://sn.coinafrique.com/categorie/poules-lapins-et-pigeons?page=1,https://sn.coinafrique.com/annonce/poules-lapins-et-pigeons/couple-mondain-5541428,Couple  Mondain,130 000 CFA,"HLM, Dakar, Sénégal",https://images.coinafrique.com/thumb_5541428_uploaded_image1_1758715216.jpg,130000.0,HLM,15
1771111205-224,https://sn.coinafrique.com/categorie/poules-lapins-et-pigeons?page=1,https://sn.coinafrique.com/annonce/poules-lapins-et-pigeons/pigeons-mondain-5572903,Pigeons mondain,Prix sur demande,"Guediawaye, Dakar, Sénégal",https://images.coinafrique.com/thumb_5572903_uploaded_image1_1760428699.jpg,,Guediawaye,15
1771111209-225,https://sn.coinafrique.com/categorie/poules-lapins-et-pigeons?page=1,https://sn.coinafrique.com/annonce/poules-lapins-et-pigeons/lapin-5572908,Lapin,Prix sur demande,"Guediawaye, Dakar, Sénégal",https://images.coinafrique.com/thumb_5572908_uploaded_image1_1760428902.jpg,,Guediawaye,5
1771111213-226,https://sn.coinafrique.com/categorie/poules-lapins-et-pigeons?page=1,https://sn.coinafrique.com/annonce/poules-lapins-et-pigeons/poule-brahman-5577027,Poule Brahman,Prix sur demande,"Keur Massar, Sénégal",https://images.coinafrique.com/thumb_5594420_uploaded_image1_1761683034.jpg,,Keur Massar,13
1771111216-227,https://sn.coinafrique.com/categorie/poules-lapins-et-pigeons?page=1,https://sn.coinafrique.com/annonce/poules-lapins-et-pigeons/femmel-cailloute-5587969,Femmel cailloute,30 000 CFA,"Mariste, Dakar, Sénégal",https://images.coinafrique.com/thumb_5587969_uploaded_image1_1761236540.jpg,30000.0,Mariste,16
1771111220-228,https://sn.coinafrique.com/categorie/poules-lapins-et-pigeons?page=1,https://sn.coinafrique.com/annonce/poules-lapins-et-pigeons/poule-brahman-5594420,Poule Brahman,Prix sur demande,"Keur Massar, Sénégal",https://images.coinafrique.com/thumb_5594420_uploaded_image1_1761683034.jpg,,Keur Massar,13
1771111225-229,https://sn.coinafrique.com/categorie/poules-lapins-et-pigeons?page=1,https://sn.coinafrique.com/annonce/poules-lapins-et-pigeons/pigeon-voyageur-5642510,Pigeon Voyageur,20 000 CFA,"Rufisque, Sénégal",https://images.coinafrique.com/thumb_5642510_uploaded_image1_1764173213.jpg,20000.0,Rufisque,15
1771111228-230,https://sn.coinafrique.com/categorie/poules-lapins-et-pigeons?page=1,https://sn.coinafrique.com/annonce/poules-lapins-et-pigeons/poulet-goliath-5648319,Poulet Goliath,Prix sur demande,"Mbao, Dakar, Sénégal",https://images.coinafrique.com/thumb_5648319_uploaded_image1_1764504900.jpg,,Mbao,14
1771111230-231,https://sn.coinafrique.com/categorie/poules-lapins-et-pigeons?page=1,https://sn.coinafrique.com/annonce/poules-lapins-et-pigeons/poussin-goliath-5648409,Poussin goliath,300 CFA,"Thies, Sénégal",https://images.coinafrique.com/thumb_5648409_uploaded_image1_1764510412.jpg,300.0,Thies,15
1771111233-232,https://sn.coinafrique.com/categorie/poules-lapins-et-pigeons?page=1,https://sn.coinafrique.com/annonce/poules-lapins-et-pigeons/poulettes-pre-ponte-de-124-jours-5655142,Poulettes pré ponte de 124 jours,5 000 CFA,"Dakar, Sénégal",,5000.0,Dakar,32
1771111239-233,https://sn.coinafrique.com/categorie/poules-lapins-et-pigeons?page=1,https://sn.coinafrique.com/annonce/poules-lapins-et-pigeons/pigeon-king-5669544,Pigeon King,60 000 CFA,"Mbao, Dakar, Sénégal",https://images.coinafrique.com/thumb_5669544_uploaded_image1_1765545674.jpg,60000.0,Mbao,11
1771111242-234,https://sn.coinafrique.com/categorie/poules-lapins-et-pigeons?page=1,https://sn.coinafrique.com/annonce/poules-lapins-et-pigeons/pigeons-5674944,Pigeons,Prix sur demande,"Dakar, Sénégal",https://images.coinafrique.com/thumb_5674944_uploaded_image1_1765881198.jpg,,Dakar,7
1771111245-235,https://sn.coinafrique.com/categorie/poules-lapins-et-pigeons?page=1,https://sn.coinafrique.com/annonce/poules-lapins-et-pigeons/lapins-5693264,Lapins,25 000 CFA,"Parcelle Assainies, Dakar, Sénégal",https://images.coinafrique.com/thumb_5693264_uploaded_image1_1766935865.jpg,25000.0,Parcelle Assainies,6
1771111248-236,https://sn.coinafrique.com/categorie/poules-lapins-et-pigeons?page=1,https://sn.coinafrique.com/annonce/poules-lapins-et-pigeons/poussin-dinde-chair-5714121,Poussin dinde chair,3 500 CFA,"Almadies 2, Dakar, Sénégal",https://images.coinafrique.com/thumb_5714121_uploaded_image1_1768054212.jpg,3500.0,Almadies 2,19
1771111250-237,https://sn.coinafrique.com/categorie/poules-lapins-et-pigeons?page=1,https://sn.coinafrique.com/annonce/poules-lapins-et-pigeons/poule-brahma-5717554,Poule Brahma,10 000 CFA,"Dakar, Sénégal",https://images.coinafrique.com/thumb_5717554_uploaded_image1_1768255739.jpg,10000.0,Dakar,12
1771111253-238,https://sn.coinafrique.com/categorie/poules-lapins-et-pigeons?page=1,https://sn.coinafrique.com/annonce/poules-lapins-et-pigeons/ufs-fecondes-5740994,Œufs fécondés,2 500 CFA,"Guediawaye, Dakar, Sénégal",,2500.0,Guediawaye,13
1771111256-239,https://sn.coinafrique.com/categorie/poules-lapins-et-pigeons?page=1,https://sn.coinafrique.com/annonce/poules-lapins-et-pigeons/couple-lapin-6-mois-5773429,Couple lapin 6 mois,35 000 CFA,"Pikine, Sénégal",https://images.coinafrique.com/thumb_5773429_uploaded_image1_1770999151.jpg,35000.0,Pikine,19
