web_scraper_order,web_scraper_start_url,container_autreanimaux,Nom,Prix,Adresse,Image_lien
"1771110166-1","https://sn.coinafrique.com/categorie/autres-animaux?page=3","https://sn.coinafrique.com/annonce/autres-animaux/perruches-ondulees-4049517","Perruches ondulées","7 000 CFA","Hann Bel-Air, Dakar, Sénégal","https://images.coinafrique.com/thumb_4049517_uploaded_image1_1673696813.jpg"
"1771110169-2","https://sn.coinafrique.com/categorie/autres-animaux?page=3","https://sn.coinafrique.com/annonce/autres-animaux/dindons-4056115","Dindons","175 000 CFA","Dakar, Sénégal","https://images.coinafrique.com/thumb_1890125_uploaded_image1_1585933665.81.png"
"1771110172-3","https://sn.coinafrique.com/categorie/autres-animaux?page=3","https://sn.coinafrique.com/annonce/autres-animaux/canards-4056116","Canards","20 000 CFA","Dakar, Sénégal","https://images.coinafrique.com/thumb_3422543_uploaded_image1_1636113502.jpg"
"1771110175-4","https://sn.coinafrique.com/categorie/autres-animaux?page=3","https://sn.coinafrique.com/annonce/autres-animaux/dinde-4060300","Dinde","50 000 CFA","Dakar, Sénégal","https://images.coinafrique.com/thumb_4381112_uploaded_image1_1695035479.jpg"
"1771110179-5","https://sn.coinafrique.com/categorie/autres-animaux?page=3","https://sn.coinafrique.com/annonce/autres-animaux/oies-4064457","Oies","65 000 CFA","Niaga, Sénégal","https://images.coinafrique.com/thumb_3719072_uploaded_image1_1654007070.jpg"
"1771110182-6","https://sn.coinafrique.com/categorie/autres-animaux?page=3","https://sn.coinafrique.com/annonce/autres-animaux/buf-4090572","Bœuf","600 000 CFA","Bambey, Sénégal",""
"1771110185-7","https://sn.coinafrique.com/categorie/autres-animaux?page=3","https://sn.coinafrique.com/annonce/autres-animaux/cheval-4092862","Cheval","Prix sur demande","Ouakam, Dakar, Sénégal","https://images.coinafrique.com/thumb_4092862_uploaded_image1_1676283623.jpg"
"1771110188-8","https://sn.coinafrique.com/categorie/autres-animaux?page=3","https://sn.coinafrique.com/annonce/autres-animaux/chaton-angora-4102298","Chaton angora","180 000 CFA","Fann, Dakar, Sénégal","https://images.coinafrique.com/thumb_3681874_uploaded_image1_1651750026.jpg"
"1771110191-9","https://sn.coinafrique.com/categorie/autres-animaux?page=3","https://sn.coinafrique.com/annonce/autres-animaux/chats-siamois-himalayen-4102440","Chats siamois himalayen","300 000 CFA","Thies, Sénégal",""
"1771110194-10","https://sn.coinafrique.com/categorie/autres-animaux?page=3","https://sn.coinafrique.com/annonce/autres-animaux/chevre-sahelienne-4103018","Chèvre sahelienne","180 000 CFA","Mbour, Sénégal",""
"1771110197-11","https://sn.coinafrique.com/categorie/autres-animaux?page=3","https://sn.coinafrique.com/annonce/autres-animaux/hamster-doree-4110101","Hamster dorée","15 000 CFA","Sacré-Coeur, Dakar, Sénégal","https://images.coinafrique.com/thumb_3814562_uploaded_image1_1659613355.jpg"
"1771110200-12","https://sn.coinafrique.com/categorie/autres-animaux?page=3","https://sn.coinafrique.com/annonce/autres-animaux/oies-4119270","Oies","35 000 CFA","Thies, Sénégal","https://images.coinafrique.com/thumb_4263743_uploaded_image1_1687283716.jpg"
"1771110203-13","https://sn.coinafrique.com/categorie/autres-animaux?page=3","https://sn.coinafrique.com/annonce/autres-animaux/chatte-persane-himalayenne-4140736","Chatte persane himalayenne","200 000 CFA","Dakar, Sénégal",""
"1771110206-14","https://sn.coinafrique.com/categorie/autres-animaux?page=3","https://sn.coinafrique.com/annonce/autres-animaux/canard-colvert-4141195","Canard colvert","32 500 CFA","Almadies 2, Dakar, Sénégal","https://images.coinafrique.com/thumb_4650420_uploaded_image1_1710887873.jpg"
"1771110209-15","https://sn.coinafrique.com/categorie/autres-animaux?page=3","https://sn.coinafrique.com/annonce/autres-animaux/perroquet-4141464","Perroquet","20 000 CFA","Dakar, Sénégal","https://images.coinafrique.com/thumb_4141464_uploaded_image1_1679320795.jpg"
"1771110240-16","https://sn.coinafrique.com/categorie/autres-animaux?page=3","https://sn.coinafrique.com/annonce/autres-animaux/dindes-4169870","Dindes","100 000 CFA","Parcelle Assainies, Dakar, Sénégal","https://images.coinafrique.com/thumb_4169870_uploaded_image1_1681057188.jpg"
"1771110243-17","https://sn.coinafrique.com/categorie/autres-animaux?page=3","https://sn.coinafrique.com/annonce/autres-animaux/dindes-4169875","Dindes","100 000 CFA","Parcelle Assainies, Dakar, Sénégal","https://images.coinafrique.com/thumb_4169870_uploaded_image1_1681057188.jpg"
"1771110249-18","https://sn.coinafrique.com/categorie/autres-animaux?page=3","https://sn.coinafrique.com/annonce/autres-animaux/chaton-siamois-4180282","Chaton siamois","240 000 CFA","Sacré-Coeur, Dakar, Sénégal","https://images.coinafrique.com/thumb_1825906_uploaded_image2_1584739800.55.png"
"1771110252-19","https://sn.coinafrique.com/categorie/autres-animaux?page=3","https://sn.coinafrique.com/annonce/autres-animaux/couple-de-perruches-4180902","Couple de perruches","14 900 CFA","Thies, Sénégal","https://images.coinafrique.com/thumb_3968286_uploaded_image1_1668632770.jpg"
"1771110255-20","https://sn.coinafrique.com/categorie/autres-animaux?page=3","https://sn.coinafrique.com/annonce/autres-animaux/perroquet-4185842","Perroquet","35 000 CFA","Dakar, Sénégal",""
"1771110260-21","https://sn.coinafrique.com/categorie/autres-animaux?page=3","https://sn.coinafrique.com/annonce/autres-animaux/boeuf-4196106","Boeuf","600 000 CFA","Bambey, Sénégal","https://images.coinafrique.com/thumb_4196106_uploaded_image1_1682881461.jpg"
"1771110263-22","https://sn.coinafrique.com/categorie/autres-animaux?page=3","https://sn.coinafrique.com/annonce/autres-animaux/cailles-4208226","Cailles","7 000 CFA","Touba, Sénégal",""
"1771110266-23","https://sn.coinafrique.com/categorie/autres-animaux?page=3","https://sn.coinafrique.com/annonce/autres-animaux/poissons-aquarium-4213007","Poissons aquarium","15 000 CFA","Dakar Plateau, Dakar, Sénégal","https://images.coinafrique.com/thumb_4534116_uploaded_image2_1704727054.jpeg"
"1771110269-24","https://sn.coinafrique.com/categorie/autres-animaux?page=3","https://sn.coinafrique.com/annonce/autres-animaux/chaton-siamois-himalayen-4215680","Chaton Siamois Himalayen","275 000 CFA","Fann, Dakar, Sénégal","https://images.coinafrique.com/thumb_4215680_uploaded_image1_1684074328.jpg"
"1771110271-25","https://sn.coinafrique.com/categorie/autres-animaux?page=3","https://sn.coinafrique.com/annonce/autres-animaux/poussins-bleus-hollandais-4223952","Poussins bleus hollandais","1 500 CFA","Mbao, Dakar, Sénégal",""
"1771110274-26","https://sn.coinafrique.com/categorie/autres-animaux?page=3","https://sn.coinafrique.com/annonce/autres-animaux/paon-4226444","Paon","400 CFA","Touba, Sénégal","https://images.coinafrique.com/thumb_3956247_uploaded_image2_1667916424.jpeg"
"1771110277-27","https://sn.coinafrique.com/categorie/autres-animaux?page=3","https://sn.coinafrique.com/annonce/autres-animaux/perruche-4236158","Perruche","30 000 CFA","Point E, Dakar, Sénégal","https://images.coinafrique.com/thumb_5138284_uploaded_image1_1737038687.jpg"
"1771110280-28","https://sn.coinafrique.com/categorie/autres-animaux?page=3","https://sn.coinafrique.com/annonce/autres-animaux/paon-4250701","Paon","Prix sur demande","Yoff, Dakar, Sénégal","https://images.coinafrique.com/thumb_4435457_uploaded_image1_1698661056.jpg"
"1771110282-29","https://sn.coinafrique.com/categorie/autres-animaux?page=3","https://sn.coinafrique.com/annonce/autres-animaux/chaton-4254477","Chaton","Prix sur demande","Ouest Foire, Dakar, Sénégal","https://images.coinafrique.com/thumb_4365267_uploaded_image1_1694000653.jpg"
"1771110285-30","https://sn.coinafrique.com/categorie/autres-animaux?page=3","https://sn.coinafrique.com/annonce/autres-animaux/poissons-aquariums-4258053","Poissons aquariums","7 500 CFA","Dakar Plateau, Dakar, Sénégal","https://images.coinafrique.com/thumb_4534116_uploaded_image2_1704727054.jpeg"
"1771110287-31","https://sn.coinafrique.com/categorie/autres-animaux?page=3","https://sn.coinafrique.com/annonce/autres-animaux/oies-4263743","Oies","45 000 CFA","Thies, Sénégal","https://images.coinafrique.com/thumb_4263743_uploaded_image1_1687283716.jpg"
"1771110290-32","https://sn.coinafrique.com/categorie/autres-animaux?page=3","https://sn.coinafrique.com/annonce/autres-animaux/perruches-ondulees-4268218","Perruches ondulées","20 000 CFA","Dieuppeul-Derklé, Dakar, Sénégal","https://images.coinafrique.com/thumb_4846053_uploaded_image1_1721147434.jpg"
"1771110293-33","https://sn.coinafrique.com/categorie/autres-animaux?page=3","https://sn.coinafrique.com/annonce/autres-animaux/chat-persan-chinchilla-golden-shaded-4268857","Chat persan chinchilla golden shaded","500 000 CFA","Sicap Liberté, Dakar, Sénégal","https://images.coinafrique.com/thumb_4268857_uploaded_image1_1687596952.jpg"
"1771110296-34","https://sn.coinafrique.com/categorie/autres-animaux?page=3","https://sn.coinafrique.com/annonce/autres-animaux/chat-persan-chinchilla-blue-golden-shaded-4268866","Chat persan chinchilla blue golden shaded","650 000 CFA","Sicap Liberté, Dakar, Sénégal",""
"1771110299-35","https://sn.coinafrique.com/categorie/autres-animaux?page=3","https://sn.coinafrique.com/annonce/autres-animaux/chatons-persans-chinchilla-golden-shaded-4268926","Chatons persans chinchilla golden shaded","500 000 CFA","Sicap Liberté, Dakar, Sénégal",""
"1771110302-36","https://sn.coinafrique.com/categorie/autres-animaux?page=3","https://sn.coinafrique.com/annonce/autres-animaux/autruche-4274068","Autruche","40 000 CFA","Bambey, Sénégal","https://images.coinafrique.com/thumb_4274068_uploaded_image1_1688027259.jpg"
"1771110305-37","https://sn.coinafrique.com/categorie/autres-animaux?page=3","https://sn.coinafrique.com/annonce/autres-animaux/canard-4251761","Canard","30 000 CFA","Guediawaye, Dakar, Sénégal","https://images.coinafrique.com/thumb_4619825_uploaded_image1_1709296934.jpg"
"1771110308-38","https://sn.coinafrique.com/categorie/autres-animaux?page=3","https://sn.coinafrique.com/annonce/autres-animaux/chat-tigre-4290086","Chat tigré","60 000 CFA","Rufisque, Sénégal","https://images.coinafrique.com/thumb_4290086_uploaded_image1_1689084975.jpg"
"1771110311-39","https://sn.coinafrique.com/categorie/autres-animaux?page=3","https://sn.coinafrique.com/annonce/autres-animaux/chat-tigre-4290090","Chat tigré","60 000 CFA","Rufisque, Sénégal","https://images.coinafrique.com/thumb_4290086_uploaded_image1_1689084975.jpg"
"1771110314-40","https://sn.coinafrique.com/categorie/autres-animaux?page=3","https://sn.coinafrique.com/annonce/autres-animaux/poussins-dautruche-4292496","Poussins d'autruche","50 000 CFA","Bambey, Sénégal",""
"1771110317-41","https://sn.coinafrique.com/categorie/autres-animaux?page=3","https://sn.coinafrique.com/annonce/autres-animaux/cailles-de-chair-4327166","Cailles de chair","500 CFA","Colobane, Dakar, Sénégal","https://images.coinafrique.com/thumb_5514762_uploaded_image2_1757337112.jpeg"
"1771110320-42","https://sn.coinafrique.com/categorie/autres-animaux?page=3","https://sn.coinafrique.com/annonce/autres-animaux/perroquets-4331654","Perroquets","60 000 CFA","Point E, Dakar, Sénégal","https://images.coinafrique.com/thumb_5560070_uploaded_image1_1759698099.jpg"
"1771110322-43","https://sn.coinafrique.com/categorie/autres-animaux?page=3","https://sn.coinafrique.com/annonce/autres-animaux/perruches-ondulees-4331659","Perruches ondulées","20 000 CFA","Point E, Dakar, Sénégal","https://images.coinafrique.com/thumb_5138284_uploaded_image1_1737038687.jpg"
"1771110325-44","https://sn.coinafrique.com/categorie/autres-animaux?page=3","https://sn.coinafrique.com/annonce/autres-animaux/chaton-gimalayen-siamois-4333502","Chaton Gimalayen Siamois","250 000 CFA","Fann, Dakar, Sénégal",""
"1771110328-45","https://sn.coinafrique.com/categorie/autres-animaux?page=3","https://sn.coinafrique.com/annonce/autres-animaux/taureau-4335558","Taureau","320 000 CFA","Rufisque, Sénégal","https://images.coinafrique.com/thumb_2251055_uploaded_image1_1591656431.jpg"
"1771110331-46","https://sn.coinafrique.com/categorie/autres-animaux?page=3","https://sn.coinafrique.com/annonce/autres-animaux/chaton-4365267","Chaton","Prix sur demande","Ouest Foire, Dakar, Sénégal","https://images.coinafrique.com/thumb_4365267_uploaded_image1_1694000653.jpg"
"1771110333-47","https://sn.coinafrique.com/categorie/autres-animaux?page=3","https://sn.coinafrique.com/annonce/autres-animaux/buf-4379382","Bœuf","450 000 CFA","Dakar, Sénégal",""
"1771110336-48","https://sn.coinafrique.com/categorie/autres-animaux?page=3","https://sn.coinafrique.com/annonce/autres-animaux/dinde-rouge-pair-4381112","Dinde rouge pair","35 000 CFA","Dakar, Sénégal",""
"1771110339-49","https://sn.coinafrique.com/categorie/autres-animaux?page=3","https://sn.coinafrique.com/annonce/autres-animaux/chat-persan-4386249","Chat Persan","650 000 CFA","Point E, Dakar, Sénégal","https://images.coinafrique.com/thumb_4386249_uploaded_image1_1695340690.jpg"
"1771110345-50","https://sn.coinafrique.com/categorie/autres-animaux?page=3","https://sn.coinafrique.com/annonce/autres-animaux/chevre-4387674","Chèvre","80 000 CFA","Thies, Sénégal","https://images.coinafrique.com/thumb_5315130_uploaded_image1_1746566615.jpg"
"1771110349-51","https://sn.coinafrique.com/categorie/autres-animaux?page=3","https://sn.coinafrique.com/annonce/autres-animaux/veaux-4407653","Veaux","450 000 CFA","Pikine, Sénégal","https://images.coinafrique.com/thumb_4407653_uploaded_image1_1696730126.jpg"
"1771110352-52","https://sn.coinafrique.com/categorie/autres-animaux?page=3","https://sn.coinafrique.com/annonce/autres-animaux/pintades-4408799","Pintades","40 000 CFA","Guediawaye, Dakar, Sénégal","https://images.coinafrique.com/thumb_4408799_uploaded_image1_1696809191.jpg"
"1771110354-53","https://sn.coinafrique.com/categorie/autres-animaux?page=3","https://sn.coinafrique.com/annonce/autres-animaux/dindes-4408804","Dindes","30 000 CFA","Guediawaye, Dakar, Sénégal","https://images.coinafrique.com/thumb_4917420_uploaded_image1_1724966404.jpg"
"1771110378-54","https://sn.coinafrique.com/categorie/autres-animaux?page=3","https://sn.coinafrique.com/annonce/autres-animaux/perroquet-4411374","Perroquet","50 000 CFA","Point E, Dakar, Sénégal","https://images.coinafrique.com/thumb_5560070_uploaded_image1_1759698099.jpg"
"1771110380-55","https://sn.coinafrique.com/categorie/autres-animaux?page=3","https://sn.coinafrique.com/annonce/autres-animaux/pintade-4412768","Pintade","7 000 CFA","Keur Massar, Sénégal","https://images.coinafrique.com/thumb_3862604_uploaded_image1_1662310160.jpg"
"1771110383-56","https://sn.coinafrique.com/categorie/autres-animaux?page=3","https://sn.coinafrique.com/annonce/autres-animaux/paon-4435457","Paon","65 000 CFA","Yoff, Dakar, Sénégal",""
"1771110387-57","https://sn.coinafrique.com/categorie/autres-animaux?page=3","https://sn.coinafrique.com/annonce/autres-animaux/paon-4451044","Paon","250 000 CFA","Dakar, Sénégal","https://images.coinafrique.com/thumb_2663712_uploaded_image1_1601554766.jpg"
"1771110391-58","https://sn.coinafrique.com/categorie/autres-animaux?page=3","https://sn.coinafrique.com/annonce/autres-animaux/perruche-ondulee-4452994","Perruche ondulée","7 000 CFA","Thies, Sénégal","https://images.coinafrique.com/thumb_4180902_uploaded_image1_1681767382.jpg"
"1771110395-59","https://sn.coinafrique.com/categorie/autres-animaux?page=3","https://sn.coinafrique.com/annonce/autres-animaux/cailles-4454743","Cailles","1 500 CFA","Dakar, Sénégal","https://images.coinafrique.com/thumb_1376905_uploaded_image1_1577034747.91.png"
"1771110398-60","https://sn.coinafrique.com/categorie/autres-animaux?page=3","https://sn.coinafrique.com/annonce/autres-animaux/perruches-ondulees-4456156","Perruches ondulées","15 000 CFA","Dieuppeul-Derklé, Dakar, Sénégal","https://images.coinafrique.com/thumb_4846053_uploaded_image1_1721147434.jpg"
"1771110401-61","https://sn.coinafrique.com/categorie/autres-animaux?page=3","https://sn.coinafrique.com/annonce/autres-animaux/perruche-anglaise-4456172","Perruche Anglaise","40 000 CFA","Dieuppeul-Derklé, Dakar, Sénégal","https://images.coinafrique.com/thumb_4456156_uploaded_image1_1699884359.jpg"
"1771110406-62","https://sn.coinafrique.com/categorie/autres-animaux?page=3","https://sn.coinafrique.com/annonce/autres-animaux/pintade-4465594","Pintade","75 000 CFA","Guediawaye, Dakar, Sénégal","https://images.coinafrique.com/thumb_4408799_uploaded_image1_1696809191.jpg"
"1771110409-63","https://sn.coinafrique.com/categorie/autres-animaux?page=3","https://sn.coinafrique.com/annonce/autres-animaux/cochons-4503058","Cochons","20 000 CFA","Keur Massar, Sénégal","https://images.coinafrique.com/thumb_4503064_uploaded_image1_1702806770.jpg"
"1771110412-64","https://sn.coinafrique.com/categorie/autres-animaux?page=3","https://sn.coinafrique.com/annonce/autres-animaux/cochons-4503064","Cochons","20 000 CFA","Keur Massar, Sénégal","https://images.coinafrique.com/thumb_4503064_uploaded_image1_1702806770.jpg"
"1771110417-65","https://sn.coinafrique.com/categorie/autres-animaux?page=3","https://sn.coinafrique.com/annonce/autres-animaux/couple-dinde-4506000","Couple dinde","40 000 CFA","Kolda, Sénégal","https://images.coinafrique.com/thumb_3169645_uploaded_image2_1623581040.jpeg"
"1771110420-66","https://sn.coinafrique.com/categorie/autres-animaux?page=3","https://sn.coinafrique.com/annonce/autres-animaux/chatons-serval-4517799","Chatons Serval","1 500 000 CFA","Saint Louis, Sénégal",""
"1771110424-67","https://sn.coinafrique.com/categorie/autres-animaux?page=3","https://sn.coinafrique.com/annonce/autres-animaux/poissons-aquarium-4534116","Poissons aquarium","7 000 CFA","Dakar Plateau, Dakar, Sénégal","https://images.coinafrique.com/thumb_4534116_uploaded_image2_1704727054.jpeg"
"1771110427-68","https://sn.coinafrique.com/categorie/autres-animaux?page=3","https://sn.coinafrique.com/annonce/autres-animaux/buf-4534540","Bœuf","Prix sur demande","Diamalaye 2, Dakar, Sénégal",""
"1771110431-69","https://sn.coinafrique.com/categorie/autres-animaux?page=3","https://sn.coinafrique.com/annonce/autres-animaux/chaton-persan-4540876","Chaton Persan","400 000 CFA","Dakar, Sénégal","https://images.coinafrique.com/thumb_4888897_uploaded_image1_1723397770.jpg"
"1771110435-70","https://sn.coinafrique.com/categorie/autres-animaux?page=3","https://sn.coinafrique.com/annonce/autres-animaux/chaton-scotish-fold-4540889","Chaton Scotish Fold","750 000 CFA","Fann, Dakar, Sénégal","https://images.coinafrique.com/thumb_3915043_uploaded_image1_1665477189.jpg"
"1771110438-71","https://sn.coinafrique.com/categorie/autres-animaux?page=3","https://sn.coinafrique.com/annonce/autres-animaux/cochons-dinde-4555313","Cochons d'inde","20 000 CFA","Keur Massar, Sénégal","https://images.coinafrique.com/thumb_3520078_uploaded_image1_1641925243.jpg"
"1771110442-72","https://sn.coinafrique.com/categorie/autres-animaux?page=3","https://sn.coinafrique.com/annonce/autres-animaux/boeuf-4568012","Boeuf","600 000 CFA","Mbao, Dakar, Sénégal","https://images.coinafrique.com/thumb_4568012_uploaded_image1_1706543950.jpg"
"1771110447-73","https://sn.coinafrique.com/categorie/autres-animaux?page=3","https://sn.coinafrique.com/annonce/autres-animaux/chaton-persan-4569529","Chaton Persan","400 000 CFA","Dakar Plateau, Dakar, Sénégal","https://images.coinafrique.com/thumb_5426216_uploaded_image1_1752670435.jpg"
"1771110450-74","https://sn.coinafrique.com/categorie/autres-animaux?page=3","https://sn.coinafrique.com/annonce/autres-animaux/perroquet-youyou-4570755","Perroquet youyou","10 000 CFA","Dieuppeul-Derklé, Dakar, Sénégal",""
"1771110454-75","https://sn.coinafrique.com/categorie/autres-animaux?page=3","https://sn.coinafrique.com/annonce/autres-animaux/chaton-scottish-fold-4571582","Chaton Scottish Fold","750 000 CFA","Dakar Plateau, Dakar, Sénégal","https://images.coinafrique.com/thumb_4803206_uploaded_image1_1718912151.jpg"
"1771110460-76","https://sn.coinafrique.com/categorie/autres-animaux?page=3","https://sn.coinafrique.com/annonce/autres-animaux/chaton-persan-4592914","Chaton Persan","400 000 CFA","Dakar Plateau, Dakar, Sénégal","https://images.coinafrique.com/thumb_5426216_uploaded_image1_1752670435.jpg"
"1771110464-77","https://sn.coinafrique.com/categorie/autres-animaux?page=3","https://sn.coinafrique.com/annonce/autres-animaux/chaton-siamois-hymalayen-4593854","Chaton Siamois Hymalayen","240 000 CFA","Dakar Plateau, Dakar, Sénégal",""
"1771110468-78","https://sn.coinafrique.com/categorie/autres-animaux?page=3","https://sn.coinafrique.com/annonce/autres-animaux/chaton-4608863","Chaton","Prix sur demande","Ngor, Dakar, Sénégal","https://images.coinafrique.com/thumb_4689687_uploaded_image1_1713000926.jpg"
"1771110472-79","https://sn.coinafrique.com/categorie/autres-animaux?page=3","https://sn.coinafrique.com/annonce/autres-animaux/poussins-de-canards-4619825","Poussins de canards","3 000 CFA","Guediawaye, Dakar, Sénégal","https://images.coinafrique.com/thumb_4619825_uploaded_image1_1709296934.jpg"
"1771110476-80","https://sn.coinafrique.com/categorie/autres-animaux?page=3","https://sn.coinafrique.com/annonce/autres-animaux/chat-persan-chinchilla-4623023","Chat Persan Chinchilla","400 000 CFA","Dakar Plateau, Dakar, Sénégal","https://images.coinafrique.com/thumb_5297087_uploaded_image1_1745527617.jpg"
"1771110491-81","https://sn.coinafrique.com/categorie/autres-animaux?page=2","https://sn.coinafrique.com/annonce/autres-animaux/chat-brittish-shorthair-4629619","Chat Brittish Shorthair","700 000 CFA","Dakar Plateau, Dakar, Sénégal",""
"1771110494-82","https://sn.coinafrique.com/categorie/autres-animaux?page=2","https://sn.coinafrique.com/annonce/autres-animaux/chaton-hymalayen-persan-4639205","Chaton Hymalayen Persan","270 000 CFA","Dakar Plateau, Dakar, Sénégal","https://images.coinafrique.com/thumb_4002094_uploaded_image1_1670612752.jpg"
"1771110499-83","https://sn.coinafrique.com/categorie/autres-animaux?page=2","https://sn.coinafrique.com/annonce/autres-animaux/cage-avec-3-oiseaux-4640165","Cage avec 3  oiseaux","60 000 CFA","Dakar, Sénégal",""
"1771110504-84","https://sn.coinafrique.com/categorie/autres-animaux?page=2","https://sn.coinafrique.com/annonce/autres-animaux/chaton-himalayen-4642742","Chaton Himalayen","270 000 CFA","Dakar Plateau, Dakar, Sénégal","https://images.coinafrique.com/thumb_4864117_uploaded_image1_1722115248.jpg"
"1771110509-85","https://sn.coinafrique.com/categorie/autres-animaux?page=2","https://sn.coinafrique.com/annonce/autres-animaux/chatons-4646165","Chatons","Prix sur demande","Point E, Dakar, Sénégal","https://images.coinafrique.com/thumb_5673754_uploaded_image1_1765818969.jpg"
"1771110513-86","https://sn.coinafrique.com/categorie/autres-animaux?page=2","https://sn.coinafrique.com/annonce/autres-animaux/canard-colvert-4650420","Canard Colvert","25 000 CFA","Mariste, Dakar, Sénégal","https://images.coinafrique.com/thumb_3422543_uploaded_image1_1636113502.jpg"
"1771110518-87","https://sn.coinafrique.com/categorie/autres-animaux?page=2","https://sn.coinafrique.com/annonce/autres-animaux/couple-perroquet-roseicollis-4651651","Couple perroquet  Roseicollis","60 000 CFA","Point E, Dakar, Sénégal","https://images.coinafrique.com/thumb_4651651_uploaded_image1_1710951067.jpg"
"1771110540-88","https://sn.coinafrique.com/categorie/autres-animaux?page=2","https://sn.coinafrique.com/annonce/autres-animaux/chatons-4651939","Chatons","Prix sur demande","Mariste, Dakar, Sénégal",""
"1771110544-89","https://sn.coinafrique.com/categorie/autres-animaux?page=2","https://sn.coinafrique.com/annonce/autres-animaux/vache-brune-4664799","Vache brune","Prix sur demande","Mbour, Sénégal","https://images.coinafrique.com/thumb_2687649_uploaded_image1_1602441772.jpg"
"1771110547-90","https://sn.coinafrique.com/categorie/autres-animaux?page=2","https://sn.coinafrique.com/annonce/autres-animaux/paire-de-perruches-ondulees-4679396","Paire de perruches ondulées","40 000 CFA","Mamelles, Dakar, Sénégal",""
"1771110551-91","https://sn.coinafrique.com/categorie/autres-animaux?page=2","https://sn.coinafrique.com/annonce/autres-animaux/bufs-4679890","Bœufs","Prix sur demande","Parcelle Assainies, Dakar, Sénégal",""
"1771110555-92","https://sn.coinafrique.com/categorie/autres-animaux?page=2","https://sn.coinafrique.com/annonce/autres-animaux/chaton-4689687","Chaton","Prix sur demande","Ngor, Dakar, Sénégal","https://images.coinafrique.com/thumb_4689687_uploaded_image1_1713000926.jpg"
"1771110561-93","https://sn.coinafrique.com/categorie/autres-animaux?page=2","https://sn.coinafrique.com/annonce/autres-animaux/cailles-4701407","Cailles","Prix sur demande","Touba, Sénégal","https://images.coinafrique.com/thumb_4208226_uploaded_image1_1683592423.jpg"
"1771110565-94","https://sn.coinafrique.com/categorie/autres-animaux?page=2","https://sn.coinafrique.com/annonce/autres-animaux/hamster-4723216","Hamster","5 000 CFA","Almadies, Dakar, Sénégal","https://images.coinafrique.com/thumb_4110101_uploaded_image1_1677403384.jpg"
"1771110569-95","https://sn.coinafrique.com/categorie/autres-animaux?page=2","https://sn.coinafrique.com/annonce/autres-animaux/chat-siamois-4723220","Chat Siamois","300 000 CFA","Almadies, Dakar, Sénégal","https://images.coinafrique.com/thumb_5512930_uploaded_image1_1757238545.jpg"
"1771110572-96","https://sn.coinafrique.com/categorie/autres-animaux?page=2","https://sn.coinafrique.com/annonce/autres-animaux/perroquet-inseparable-4724298","Perroquet inséparable","60 000 CFA","Point E, Dakar, Sénégal","https://images.coinafrique.com/thumb_5214349_uploaded_image1_1741104524.jpg"
"1771110576-97","https://sn.coinafrique.com/categorie/autres-animaux?page=2","https://sn.coinafrique.com/annonce/autres-animaux/paon-bleu-4686441","Paon bleu","250 000 CFA","Rufisque, Sénégal","https://images.coinafrique.com/thumb_3389732_uploaded_image1_1634436997.jpg"
"1771110580-98","https://sn.coinafrique.com/categorie/autres-animaux?page=2","https://sn.coinafrique.com/annonce/autres-animaux/3-chatons-4751663","3 chatons","Prix sur demande","Mariste, Dakar, Sénégal","https://images.coinafrique.com/thumb_4751663_uploaded_image1_1716126912.jpg"
"1771110584-99","https://sn.coinafrique.com/categorie/autres-animaux?page=2","https://sn.coinafrique.com/annonce/autres-animaux/boeuf-4752043","Boeuf","800 000 CFA","Kaolack, Sénégal","https://images.coinafrique.com/thumb_5317378_uploaded_image1_1746698849.jpg"
"1771110587-100","https://sn.coinafrique.com/categorie/autres-animaux?page=2","https://sn.coinafrique.com/annonce/autres-animaux/vache-montbeliard-holstein-4753933","Vache  Montbéliard Holstein","Prix sur demande","Pikine, Sénégal","https://images.coinafrique.com/thumb_4753933_uploaded_image1_1716257630.jpg"
"1771110591-101","https://sn.coinafrique.com/categorie/autres-animaux?page=2","https://sn.coinafrique.com/annonce/autres-animaux/vache-montbeliard-et-holstein-4753935","Vache Montbéliard et Holstein","Prix sur demande","Rufisque, Sénégal","https://images.coinafrique.com/thumb_4753936_uploaded_image1_1716257870.jpg"
"1771110593-102","https://sn.coinafrique.com/categorie/autres-animaux?page=2","https://sn.coinafrique.com/annonce/autres-animaux/vaches-montbeliarde-4753936","Vaches Montbéliarde","Prix sur demande","Pikine, Sénégal","https://images.coinafrique.com/thumb_4753936_uploaded_image1_1716257870.jpg"
"1771110596-103","https://sn.coinafrique.com/categorie/autres-animaux?page=2","https://sn.coinafrique.com/annonce/autres-animaux/chaton-scottish-4755374","Chaton Scottish","450 000 CFA","Dakar Plateau, Dakar, Sénégal","https://images.coinafrique.com/thumb_4808971_uploaded_image1_1719267956.jpg"
"1771110602-104","https://sn.coinafrique.com/categorie/autres-animaux?page=2","https://sn.coinafrique.com/annonce/autres-animaux/vache-laitiere-montbeliarde-4765247","Vache laitière Montbéliarde","Prix sur demande","Guediawaye, Dakar, Sénégal","https://images.coinafrique.com/thumb_4753936_uploaded_image1_1716257870.jpg"
"1771110605-105","https://sn.coinafrique.com/categorie/autres-animaux?page=2","https://sn.coinafrique.com/annonce/autres-animaux/chat-persan-4785131","Chat persan","400 000 CFA","Dakar Plateau, Dakar, Sénégal","https://images.coinafrique.com/thumb_4785131_uploaded_image1_1717786702.jpg"
"1771110609-106","https://sn.coinafrique.com/categorie/autres-animaux?page=2","https://sn.coinafrique.com/annonce/autres-animaux/poussin-cochin-disponible-4794466","Poussin Cochin disponible","17 500 CFA","Dakar, Sénégal",""
"1771110613-107","https://sn.coinafrique.com/categorie/autres-animaux?page=2","https://sn.coinafrique.com/annonce/autres-animaux/cochin-fauve-4794473","Cochin Fauve","17 500 CFA","Dakar, Sénégal",""
"1771110617-108","https://sn.coinafrique.com/categorie/autres-animaux?page=2","https://sn.coinafrique.com/annonce/autres-animaux/poussin-dinde-rouge-4794677","Poussin dinde rouge","15 000 CFA","Dakar, Sénégal",""
"1771110620-109","https://sn.coinafrique.com/categorie/autres-animaux?page=2","https://sn.coinafrique.com/annonce/autres-animaux/chat-scotish-4803206","Chat scotish","750 000 CFA","Dakar Plateau, Dakar, Sénégal","https://images.coinafrique.com/thumb_4629619_uploaded_image1_1709768692.jpg"
"1771110625-110","https://sn.coinafrique.com/categorie/autres-animaux?page=2","https://sn.coinafrique.com/annonce/autres-animaux/paon-4804686","Paon","140 000 CFA","Yoff, Dakar, Sénégal","https://images.coinafrique.com/thumb_4435457_uploaded_image1_1698661056.jpg"
"1771110628-111","https://sn.coinafrique.com/categorie/autres-animaux?page=2","https://sn.coinafrique.com/annonce/autres-animaux/foin-4807500","Foin","4 600 CFA","Keur Massar, Sénégal","https://images.coinafrique.com/thumb_3747916_uploaded_image1_1655548507.jpg"
"1771110632-112","https://sn.coinafrique.com/categorie/autres-animaux?page=2","https://sn.coinafrique.com/annonce/autres-animaux/scottish-fold-et-scottish-straight-de-race-pure-4808971","Scottish fold et scottish straight de race pure","700 000 CFA","Dakar Plateau, Dakar, Sénégal",""
"1771110635-113","https://sn.coinafrique.com/categorie/autres-animaux?page=2","https://sn.coinafrique.com/annonce/autres-animaux/chatons-persan-pure-race-4808981","Chatons Persan pure race","430 000 CFA","Dakar Plateau, Dakar, Sénégal","https://images.coinafrique.com/thumb_5344588_uploaded_image1_1748177635.jpg"
"1771110638-114","https://sn.coinafrique.com/categorie/autres-animaux?page=2","https://sn.coinafrique.com/annonce/autres-animaux/persan-pure-race-4818301","Persan pure race","500 000 CFA","Dakar Plateau, Dakar, Sénégal","https://images.coinafrique.com/thumb_5344588_uploaded_image1_1748177635.jpg"
"1771110642-115","https://sn.coinafrique.com/categorie/autres-animaux?page=2","https://sn.coinafrique.com/annonce/autres-animaux/perruches-ondulees-blanches-4846024","Perruches ondulées blanches","20 000 CFA","Dieuppeul-Derklé, Dakar, Sénégal",""
"1771110645-116","https://sn.coinafrique.com/categorie/autres-animaux?page=2","https://sn.coinafrique.com/annonce/autres-animaux/perruche-ondulee-4846053","Perruche ondulée","30 000 CFA","Dieuppeul-Derklé, Dakar, Sénégal","https://images.coinafrique.com/thumb_4846053_uploaded_image1_1721147434.jpg"
"1771110648-117","https://sn.coinafrique.com/categorie/autres-animaux?page=2","https://sn.coinafrique.com/annonce/autres-animaux/perruche-ondulee-4846061","Perruche ondulée","15 000 CFA","Dieuppeul-Derklé, Dakar, Sénégal","https://images.coinafrique.com/thumb_4846053_uploaded_image1_1721147434.jpg"
"1771110652-118","https://sn.coinafrique.com/categorie/autres-animaux?page=2","https://sn.coinafrique.com/annonce/autres-animaux/vache-montbeliardes-4851931","Vache montbéliardes","2 000 000 CFA","Pikine, Sénégal","https://images.coinafrique.com/thumb_4753936_uploaded_image1_1716257870.jpg"
"1771110656-119","https://sn.coinafrique.com/categorie/autres-animaux?page=2","https://sn.coinafrique.com/annonce/autres-animaux/bufs-race-goudali-4853741","Bœufs race Goudali","Prix sur demande","Dakar, Sénégal",""
"1771110665-120","https://sn.coinafrique.com/categorie/autres-animaux?page=2","https://sn.coinafrique.com/annonce/autres-animaux/siamois-4855435","Siamois","200 000 CFA","Yoff, Dakar, Sénégal","https://images.coinafrique.com/thumb_5275205_uploaded_image1_1744282516.jpg"
"1771110671-121","https://sn.coinafrique.com/categorie/autres-animaux?page=2","https://sn.coinafrique.com/annonce/autres-animaux/chaton-hiamalayen-4864117","Chaton hiamalayen","200 000 CFA","Dakar Plateau, Dakar, Sénégal",""
"1771110678-122","https://sn.coinafrique.com/categorie/autres-animaux?page=2","https://sn.coinafrique.com/annonce/autres-animaux/vache-4864739","Vache","350 000 CFA","Gassane, Sénégal","https://images.coinafrique.com/thumb_1935629_uploaded_image1_1586731094.02.png"
"1771110688-123","https://sn.coinafrique.com/categorie/autres-animaux?page=2","https://sn.coinafrique.com/annonce/autres-animaux/vache-4878570","vache","Prix sur demande","Niaga, Sénégal",""
"1771110691-124","https://sn.coinafrique.com/categorie/autres-animaux?page=2","https://sn.coinafrique.com/annonce/autres-animaux/ufs-de-caille-4880849","Œufs de caille","3 000 CFA","Thies, Sénégal",""
"1771110696-125","https://sn.coinafrique.com/categorie/autres-animaux?page=2","https://sn.coinafrique.com/annonce/autres-animaux/autruche-4885138","Autruche","750 000 CFA","Almadies 2, Dakar, Sénégal","https://images.coinafrique.com/thumb_4292496_uploaded_image1_1689236421.jpg"
"1771110704-126","https://sn.coinafrique.com/categorie/autres-animaux?page=2","https://sn.coinafrique.com/annonce/autres-animaux/poisson-aquarium-4898597","Poisson Aquarium","8 500 CFA","Dakar Plateau, Dakar, Sénégal",""
"1771110708-127","https://sn.coinafrique.com/categorie/autres-animaux?page=2","https://sn.coinafrique.com/annonce/autres-animaux/perroquets-4903200","Perroquets","50 000 CFA","Point E, Dakar, Sénégal","https://images.coinafrique.com/thumb_5560070_uploaded_image1_1759698099.jpg"
"1771110739-128","https://sn.coinafrique.com/categorie/autres-animaux?page=2","https://sn.coinafrique.com/annonce/autres-animaux/poussins-de-canard-4917429","Poussins de canard","2 500 CFA","Guediawaye, Dakar, Sénégal",""
"1771110742-129","https://sn.coinafrique.com/categorie/autres-animaux?page=2","https://sn.coinafrique.com/annonce/autres-animaux/chatons-4922546","Chatons","Prix sur demande","Mariste, Dakar, Sénégal","https://images.coinafrique.com/thumb_5017864_uploaded_image1_1730286261.jpg"
"1771110747-130","https://sn.coinafrique.com/categorie/autres-animaux?page=2","https://sn.coinafrique.com/annonce/autres-animaux/pintade-noire-4942157","Pintade noire","800 000 CFA","Hann Bel-Air, Dakar, Sénégal",""
"1771110750-131","https://sn.coinafrique.com/categorie/autres-animaux?page=2","https://sn.coinafrique.com/annonce/autres-animaux/chaton-4956743","Chaton","50 000 CFA","Dakar, Sénégal","https://images.coinafrique.com/thumb_4540876_uploaded_image1_1705028116.jpg"
"1771110753-132","https://sn.coinafrique.com/categorie/autres-animaux?page=2","https://sn.coinafrique.com/annonce/autres-animaux/cailles-de-chair-4957482","Cailles de chair","2 500 CFA","Thies, Sénégal","https://images.coinafrique.com/thumb_5514762_uploaded_image2_1757337112.jpeg"
"1771110757-133","https://sn.coinafrique.com/categorie/autres-animaux?page=2","https://sn.coinafrique.com/annonce/autres-animaux/ufs-de-caille-4962446","Œufs de caille","4 500 CFA","Mbour, Sénégal",""
"1771110760-134","https://sn.coinafrique.com/categorie/autres-animaux?page=2","https://sn.coinafrique.com/annonce/autres-animaux/perroquet-4967605","Perroquet","399 000 CFA","Sicap Liberté, Dakar, Sénégal","https://images.coinafrique.com/thumb_4185842_uploaded_image1_1682102205.jpg"
"1771110764-135","https://sn.coinafrique.com/categorie/autres-animaux?page=2","https://sn.coinafrique.com/annonce/autres-animaux/bleus-4974963","Bleus","Prix sur demande","Sicap Liberté, Dakar, Sénégal","https://images.coinafrique.com/thumb_2663712_uploaded_image1_1601554766.jpg"
"1771110768-136","https://sn.coinafrique.com/categorie/autres-animaux?page=2","https://sn.coinafrique.com/annonce/autres-animaux/tortue-4976748","Tortue","35 000 CFA","Hann Bel-Air, Dakar, Sénégal","https://images.coinafrique.com/thumb_5672207_uploaded_image1_1765734200.jpg"
"1771110771-137","https://sn.coinafrique.com/categorie/autres-animaux?page=2","https://sn.coinafrique.com/annonce/autres-animaux/boeuf-4995019","Boeuf","Prix sur demande","Thies, Sénégal","https://images.coinafrique.com/thumb_1129419_uploaded_image1_1572391697.86.png"
"1771110774-138","https://sn.coinafrique.com/categorie/autres-animaux?page=2","https://sn.coinafrique.com/annonce/autres-animaux/buf-4996496","Bœuf","700 000 CFA","Keur Massar, Sénégal",""
"1771110778-139","https://sn.coinafrique.com/categorie/autres-animaux?page=2","https://sn.coinafrique.com/annonce/autres-animaux/chat-siamois-4997392","Chat Siamois","170 000 CFA","Point E, Dakar, Sénégal","https://images.coinafrique.com/thumb_4928423_uploaded_image1_1725508257.jpg"
"1771110781-140","https://sn.coinafrique.com/categorie/autres-animaux?page=2","https://sn.coinafrique.com/annonce/autres-animaux/couple-dinde-5001804","Couple dinde","Prix sur demande","Guediawaye, Dakar, Sénégal",""
"1771110784-141","https://sn.coinafrique.com/categorie/autres-animaux?page=2","https://sn.coinafrique.com/annonce/autres-animaux/caille-5001807","Caille","1 500 CFA","Guediawaye, Dakar, Sénégal","https://images.coinafrique.com/thumb_5001807_uploaded_image1_1729346954.jpg"
"1771110788-142","https://sn.coinafrique.com/categorie/autres-animaux?page=2","https://sn.coinafrique.com/annonce/autres-animaux/chaton-de-1-mois-5017864","Chaton de 1 mois","20 000 CFA","Mariste, Dakar, Sénégal","https://images.coinafrique.com/thumb_3450631_uploaded_image1_1637664547.jpg"
"1771110815-143","https://sn.coinafrique.com/categorie/autres-animaux?page=2","https://sn.coinafrique.com/annonce/autres-animaux/dindes-5035473","Dindes","25 000 CFA","Almadies 2, Dakar, Sénégal",""
"1771110818-144","https://sn.coinafrique.com/categorie/autres-animaux?page=2","https://sn.coinafrique.com/annonce/autres-animaux/british-et-scottish-pure-race-5041101","British et scottish pure race","650 000 CFA","Dakar Plateau, Dakar, Sénégal","https://images.coinafrique.com/thumb_5041101_uploaded_image1_1731465886.jpg"
"1771110821-145","https://sn.coinafrique.com/categorie/autres-animaux?page=2","https://sn.coinafrique.com/annonce/autres-animaux/persan-pure-race-5041103","persan pure race","400 000 CFA","Dakar Plateau, Dakar, Sénégal",""
"1771110825-146","https://sn.coinafrique.com/categorie/autres-animaux?page=2","https://sn.coinafrique.com/annonce/autres-animaux/himalayen-5041105","Himalayen","265 000 CFA","Dakar Plateau, Dakar, Sénégal","https://images.coinafrique.com/thumb_4864117_uploaded_image1_1722115248.jpg"
"1771110827-147","https://sn.coinafrique.com/categorie/autres-animaux?page=2","https://sn.coinafrique.com/annonce/autres-animaux/mondain-5041931","Mondain","140 000 CFA","Guediawaye, Dakar, Sénégal",""
"1771110833-148","https://sn.coinafrique.com/categorie/autres-animaux?page=2","https://sn.coinafrique.com/annonce/autres-animaux/chat-persan-5050095","Chat Persan","400 000 CFA","Dakar Plateau, Dakar, Sénégal",""
"1771110836-149","https://sn.coinafrique.com/categorie/autres-animaux?page=2","https://sn.coinafrique.com/annonce/autres-animaux/buf-5054268","Bœuf","800 000 CFA","Mbao, Dakar, Sénégal",""
"1771110840-150","https://sn.coinafrique.com/categorie/autres-animaux?page=2","https://sn.coinafrique.com/annonce/autres-animaux/buf-5054269","Bœuf","800 000 CFA","Mbao, Dakar, Sénégal",""
"1771110843-151","https://sn.coinafrique.com/categorie/autres-animaux?page=2","https://sn.coinafrique.com/annonce/autres-animaux/tortues-terrestres-5066823","Tortues terrestres","35 000 CFA","Ouest Foire, Dakar, Sénégal","https://images.coinafrique.com/thumb_5422356_uploaded_image1_1752488553.jpg"
"1771110847-152","https://sn.coinafrique.com/categorie/autres-animaux?page=2","https://sn.coinafrique.com/annonce/autres-animaux/poissons-aquarium-5068623","Poissons Aquarium","8 500 CFA","Dakar, Sénégal","https://images.coinafrique.com/thumb_5068623_uploaded_image1_1732965550.jpg"
"1771110850-153","https://sn.coinafrique.com/categorie/autres-animaux?page=2","https://sn.coinafrique.com/annonce/autres-animaux/chaton-siamois-5092278","Chaton Siamois","235 000 CFA","Dakar Plateau, Dakar, Sénégal","https://images.coinafrique.com/thumb_5092278_uploaded_image1_1734215302.jpg"
"1771110854-154","https://sn.coinafrique.com/categorie/autres-animaux?page=2","https://sn.coinafrique.com/annonce/autres-animaux/chaton-5096028","Chaton","Prix sur demande","Dakar Plateau, Dakar, Sénégal","https://images.coinafrique.com/thumb_5473342_uploaded_image1_1755076567.jpg"
"1771110857-155","https://sn.coinafrique.com/categorie/autres-animaux?page=2","https://sn.coinafrique.com/annonce/autres-animaux/perruches-ondulees-5103176","Perruches ondulées","20 000 CFA","Point E, Dakar, Sénégal","https://images.coinafrique.com/thumb_5138284_uploaded_image1_1737038687.jpg"
"1771110860-156","https://sn.coinafrique.com/categorie/autres-animaux?page=2","https://sn.coinafrique.com/annonce/autres-animaux/perroquets-5125396","Perroquets","15 000 CFA","Thies, Sénégal","https://images.coinafrique.com/thumb_4570755_uploaded_image2_1706701706.jpeg"
"1771110870-157","https://sn.coinafrique.com/categorie/autres-animaux?page=1","https://sn.coinafrique.com/annonce/autres-animaux/perroquet-perruches-ondulees-5138284","Perroquet perruches ondulées","20 000 CFA","Point E, Dakar, Sénégal","https://images.coinafrique.com/thumb_5138284_uploaded_image1_1737038687.jpg"
"1771110873-158","https://sn.coinafrique.com/categorie/autres-animaux?page=1","https://sn.coinafrique.com/annonce/autres-animaux/boeuf-5179428","Boeuf","Prix sur demande","Niaga, Sénégal","https://images.coinafrique.com/thumb_5480832_uploaded_image1_1755523426.jpg"
"1771110876-159","https://sn.coinafrique.com/categorie/autres-animaux?page=1","https://sn.coinafrique.com/annonce/autres-animaux/caille-5182728","Caille","15 000 CFA","Keur Massar, Sénégal","https://images.coinafrique.com/thumb_3797181_uploaded_image1_1658618385.jpg"
"1771110879-160","https://sn.coinafrique.com/categorie/autres-animaux?page=1","https://sn.coinafrique.com/annonce/autres-animaux/canards-males-et-femelles-5185900","Canards mâles et femelles","Prix sur demande","Thies, Sénégal",""
"1771110884-161","https://sn.coinafrique.com/categorie/autres-animaux?page=1","https://sn.coinafrique.com/annonce/autres-animaux/hamster-5189132","Hamster","15 000 CFA","Almadies 2, Dakar, Sénégal","https://images.coinafrique.com/thumb_3689324_uploaded_image1_1652181532.jpg"
"1771110887-162","https://sn.coinafrique.com/categorie/autres-animaux?page=1","https://sn.coinafrique.com/annonce/autres-animaux/boeuf-5205943","Boeuf","550 CFA","Niaga, Sénégal","https://images.coinafrique.com/thumb_5480832_uploaded_image1_1755523426.jpg"
"1771110891-163","https://sn.coinafrique.com/categorie/autres-animaux?page=1","https://sn.coinafrique.com/annonce/autres-animaux/chaton-angora-5213818","Chaton Angora","210 000 CFA","Sacré-Coeur, Dakar, Sénégal","https://images.coinafrique.com/thumb_2826620_uploaded_image1_1607777038.jpg"
"1771110894-164","https://sn.coinafrique.com/categorie/autres-animaux?page=1","https://sn.coinafrique.com/annonce/autres-animaux/perroquet-5214349","Perroquet","60 000 CFA","Point E, Dakar, Sénégal","https://images.coinafrique.com/thumb_5560070_uploaded_image1_1759698099.jpg"
"1771110898-165","https://sn.coinafrique.com/categorie/autres-animaux?page=1","https://sn.coinafrique.com/annonce/autres-animaux/boeuf-5231174","Boeuf","Prix sur demande","Niaga, Sénégal","https://images.coinafrique.com/thumb_5480832_uploaded_image1_1755523426.jpg"
"1771110902-166","https://sn.coinafrique.com/categorie/autres-animaux?page=1","https://sn.coinafrique.com/annonce/autres-animaux/chaton-scottish-5234859","Chaton Scottish","500 000 CFA","Fann, Dakar, Sénégal","https://images.coinafrique.com/thumb_4540889_uploaded_image1_1705029103.jpg"
"1771110905-167","https://sn.coinafrique.com/categorie/autres-animaux?page=1","https://sn.coinafrique.com/annonce/autres-animaux/perroquets-5237101","Perroquets","60 000 CFA","Point E, Dakar, Sénégal","https://images.coinafrique.com/thumb_5560070_uploaded_image1_1759698099.jpg"
"1771110909-168","https://sn.coinafrique.com/categorie/autres-animaux?page=1","https://sn.coinafrique.com/annonce/autres-animaux/vaches-montbeliarde-5262041","Vaches Montbéliarde","900 CFA","Bambey, Sénégal","https://images.coinafrique.com/thumb_4664799_uploaded_image1_1711657831.jpg"
"1771110913-169","https://sn.coinafrique.com/categorie/autres-animaux?page=1","https://sn.coinafrique.com/annonce/autres-animaux/chatons-siamois-5275205","Chatons Siamois","150 000 CFA","Ngor, Dakar, Sénégal","https://images.coinafrique.com/thumb_4855435_uploaded_image1_1721662817.jpg"
"1771110915-170","https://sn.coinafrique.com/categorie/autres-animaux?page=1","https://sn.coinafrique.com/annonce/autres-animaux/chaton-5278827","Chaton","375 000 CFA","Fann, Dakar, Sénégal","https://images.coinafrique.com/thumb_5234859_uploaded_image1_1742137563.jpg"
"1771110919-171","https://sn.coinafrique.com/categorie/autres-animaux?page=1","https://sn.coinafrique.com/annonce/autres-animaux/couple-pintades-adultes-5295025","Couple pintades adultes","35 000 CFA","Sicap foire, Dakar, Sénégal",""
"1771110923-172","https://sn.coinafrique.com/categorie/autres-animaux?page=1","https://sn.coinafrique.com/annonce/autres-animaux/chat-persan-5297087","Chat Persan","450 000 CFA","Point E, Dakar, Sénégal","https://images.coinafrique.com/thumb_4386249_uploaded_image1_1695340690.jpg"
"1771110926-173","https://sn.coinafrique.com/categorie/autres-animaux?page=1","https://sn.coinafrique.com/annonce/autres-animaux/cheval-5300026","Cheval","Prix sur demande","Ouakam, Dakar, Sénégal","https://images.coinafrique.com/thumb_4092862_uploaded_image1_1676283623.jpg"
"1771110929-174","https://sn.coinafrique.com/categorie/autres-animaux?page=1","https://sn.coinafrique.com/annonce/autres-animaux/canards-5300877","Canards","7 000 CFA","Hann Bel-Air, Dakar, Sénégal","https://images.coinafrique.com/thumb_4056116_uploaded_image1_1674103896.jpg"
"1771110933-175","https://sn.coinafrique.com/categorie/autres-animaux?page=1","https://sn.coinafrique.com/annonce/autres-animaux/vaches-5308237","Vaches","325 CFA","Bambey, Sénégal","https://images.coinafrique.com/thumb_5262041_uploaded_image1_1743610261.jpg"
"1771110937-176","https://sn.coinafrique.com/categorie/autres-animaux?page=1","https://sn.coinafrique.com/annonce/autres-animaux/chevre-race-ndama-5315130","Chèvre race ndama","350 000 CFA","Rufisque, Sénégal",""
"1771110941-177","https://sn.coinafrique.com/categorie/autres-animaux?page=1","https://sn.coinafrique.com/annonce/autres-animaux/boeuf-5317378","Boeuf","350 000 CFA","Bambey, Sénégal","https://images.coinafrique.com/thumb_4196106_uploaded_image1_1682881461.jpg"
"1771110944-178","https://sn.coinafrique.com/categorie/autres-animaux?page=1","https://sn.coinafrique.com/annonce/autres-animaux/cailles-5321576","Cailles","Prix sur demande","Thies, Sénégal","https://images.coinafrique.com/thumb_4957482_uploaded_image1_1727090624.jpg"
"1771110948-179","https://sn.coinafrique.com/categorie/autres-animaux?page=1","https://sn.coinafrique.com/annonce/autres-animaux/perroquet-rose-gorge-5329928","Perroquet Rose Gorge","50 000 CFA","Point E, Dakar, Sénégal","https://images.coinafrique.com/thumb_5462432_uploaded_image1_1754495711.jpg"
"1771110953-180","https://sn.coinafrique.com/categorie/autres-animaux?page=1","https://sn.coinafrique.com/annonce/autres-animaux/chatons-5330509","Chatons","200 000 CFA","Dakar Plateau, Dakar, Sénégal","https://images.coinafrique.com/thumb_5473342_uploaded_image1_1755076567.jpg"
"1771110957-181","https://sn.coinafrique.com/categorie/autres-animaux?page=1","https://sn.coinafrique.com/annonce/autres-animaux/chaton-angora-turc-5341379","Chaton Angora turc","Prix sur demande","Point E, Dakar, Sénégal","https://images.coinafrique.com/thumb_3681874_uploaded_image1_1651750026.jpg"
"1771110960-182","https://sn.coinafrique.com/categorie/autres-animaux?page=1","https://sn.coinafrique.com/annonce/autres-animaux/chaton-5344588","Chaton","350 000 CFA","Dakar Plateau, Dakar, Sénégal","https://images.coinafrique.com/thumb_5473342_uploaded_image1_1755076567.jpg"
"1771110964-183","https://sn.coinafrique.com/categorie/autres-animaux?page=1","https://sn.coinafrique.com/annonce/autres-animaux/bouc-5350345","Bouc","80 000 CFA","Keur Massar, Sénégal","https://images.coinafrique.com/thumb_2881915_uploaded_image1_1610303521.jpg"
"1771110994-184","https://sn.coinafrique.com/categorie/autres-animaux?page=1","https://sn.coinafrique.com/annonce/autres-animaux/veau-5363603","Veau","6 500 000 CFA","Sicap Liberté, Dakar, Sénégal",""
"1771110998-185","https://sn.coinafrique.com/categorie/autres-animaux?page=1","https://sn.coinafrique.com/annonce/autres-animaux/poisson-aquarium-5370855","Poisson Aquarium","7 500 CFA","Dakar, Sénégal","https://images.coinafrique.com/thumb_5068623_uploaded_image1_1732965550.jpg"
"1771111005-186","https://sn.coinafrique.com/categorie/autres-animaux?page=1","https://sn.coinafrique.com/annonce/autres-animaux/taureaux-5419672","Taureaux","950 000 CFA","Bambey, Sénégal",""
"1771111015-187","https://sn.coinafrique.com/categorie/autres-animaux?page=1","https://sn.coinafrique.com/annonce/autres-animaux/taureau-5427578","Taureau","Prix sur demande","Bambey, Sénégal","https://images.coinafrique.com/thumb_5419672_uploaded_image1_1752312673.jpg"
"1771111019-188","https://sn.coinafrique.com/categorie/autres-animaux?page=1","https://sn.coinafrique.com/annonce/autres-animaux/chat-siamois-5435961","Chat Siamois","250 000 CFA","HLM, Dakar, Sénégal","https://images.coinafrique.com/thumb_4928423_uploaded_image1_1725508257.jpg"
"1771111022-189","https://sn.coinafrique.com/categorie/autres-animaux?page=1","https://sn.coinafrique.com/annonce/autres-animaux/buf-5437295","Bœuf","650 CFA","Bambey, Sénégal",""
"1771111025-190","https://sn.coinafrique.com/categorie/autres-animaux?page=1","https://sn.coinafrique.com/annonce/autres-animaux/poulet-et-dinde-5441026","Poulet et dinde","Prix sur demande","Thies, Sénégal",""
"1771111029-191","https://sn.coinafrique.com/categorie/autres-animaux?page=1","https://sn.coinafrique.com/annonce/autres-animaux/bufs-5452005","Bœufs","650 CFA","Bambey, Sénégal",""
"1771111033-192","https://sn.coinafrique.com/categorie/autres-animaux?page=1","https://sn.coinafrique.com/annonce/autres-animaux/bufs-5452011","Bœufs","550 CFA","Bambey, Sénégal",""
"1771111036-193","https://sn.coinafrique.com/categorie/autres-animaux?page=1","https://sn.coinafrique.com/annonce/autres-animaux/buf-5454263","Bœuf","Prix sur demande","Niaga, Sénégal",""
"1771111041-194","https://sn.coinafrique.com/categorie/autres-animaux?page=1","https://sn.coinafrique.com/annonce/autres-animaux/perroquets-5462432","Perroquets","60 000 CFA","Point E, Dakar, Sénégal","https://images.coinafrique.com/thumb_5560070_uploaded_image1_1759698099.jpg"
"1771111046-195","https://sn.coinafrique.com/categorie/autres-animaux?page=1","https://sn.coinafrique.com/annonce/autres-animaux/chaton-persan-5473339","Chaton persan","400 000 CFA","Dakar Plateau, Dakar, Sénégal","https://images.coinafrique.com/thumb_5426216_uploaded_image1_1752670435.jpg"
"1771111050-196","https://sn.coinafrique.com/categorie/autres-animaux?page=1","https://sn.coinafrique.com/annonce/autres-animaux/chaton-scottish-5473342","Chaton Scottish","750 000 CFA","Dakar Plateau, Dakar, Sénégal","https://images.coinafrique.com/thumb_4808971_uploaded_image1_1719267956.jpg"
"1771111054-197","https://sn.coinafrique.com/categorie/autres-animaux?page=1","https://sn.coinafrique.com/annonce/autres-animaux/vache-5479568","Vache","850 000 CFA","Rufisque, Sénégal","https://images.coinafrique.com/thumb_4753935_uploaded_image1_1716257776.jpg"
"1771111058-198","https://sn.coinafrique.com/categorie/autres-animaux?page=1","https://sn.coinafrique.com/annonce/autres-animaux/boeuf-5480832","Boeuf","Prix sur demande","Niaga, Sénégal","https://images.coinafrique.com/thumb_5480832_uploaded_image1_1755523426.jpg"
"1771111062-199","https://sn.coinafrique.com/categorie/autres-animaux?page=1","https://sn.coinafrique.com/annonce/autres-animaux/boeuf-5480837","Boeuf","Prix sur demande","Niaga, Sénégal","https://images.coinafrique.com/thumb_5480832_uploaded_image1_1755523426.jpg"
"1771111066-200","https://sn.coinafrique.com/categorie/autres-animaux?page=1","https://sn.coinafrique.com/annonce/autres-animaux/chaton-ragdoll-5482181","Chaton Ragdoll","950 000 CFA","Dakar Plateau, Dakar, Sénégal","https://images.coinafrique.com/thumb_3613416_uploaded_image1_1647551529.jpg"
"1771111070-201","https://sn.coinafrique.com/categorie/autres-animaux?page=1","https://sn.coinafrique.com/annonce/autres-animaux/chat-siamois-5485800","Chat siamois","Prix sur demande","Almadies, Dakar, Sénégal","https://images.coinafrique.com/thumb_5512930_uploaded_image1_1757238545.jpg"
"1771111074-202","https://sn.coinafrique.com/categorie/autres-animaux?page=1","https://sn.coinafrique.com/annonce/autres-animaux/lapin-nain-5493761","Lapin nain","Prix sur demande","Dieuppeul-Derklé, Dakar, Sénégal",""
"1771111079-203","https://sn.coinafrique.com/categorie/autres-animaux?page=1","https://sn.coinafrique.com/annonce/autres-animaux/oie-5499869","Oie","40 000 CFA","Dakar, Sénégal","https://images.coinafrique.com/thumb_3569402_uploaded_image1_1644969388.jpg"
"1771111083-204","https://sn.coinafrique.com/categorie/autres-animaux?page=1","https://sn.coinafrique.com/annonce/autres-animaux/chaton-5504764","Chaton","35 000 CFA","Mariste, Dakar, Sénégal","https://images.coinafrique.com/thumb_5017864_uploaded_image1_1730286261.jpg"
"1771111086-205","https://sn.coinafrique.com/categorie/autres-animaux?page=1","https://sn.coinafrique.com/annonce/autres-animaux/paon-5506967","Paon","Prix sur demande","Thies, Sénégal","https://images.coinafrique.com/thumb_4686441_uploaded_image1_1712838619.jpg"
"1771111091-206","https://sn.coinafrique.com/categorie/autres-animaux?page=1","https://sn.coinafrique.com/annonce/autres-animaux/chat-siamois-5512930","Chat  siamois","Prix sur demande","Almadies, Dakar, Sénégal","https://images.coinafrique.com/thumb_5512930_uploaded_image1_1757238545.jpg"
"1771111095-207","https://sn.coinafrique.com/categorie/autres-animaux?page=1","https://sn.coinafrique.com/annonce/autres-animaux/chats-5512934","Chats","Prix sur demande","Almadies, Dakar, Sénégal","https://images.coinafrique.com/thumb_5512930_uploaded_image1_1757238545.jpg"
"1771111099-208","https://sn.coinafrique.com/categorie/autres-animaux?page=1","https://sn.coinafrique.com/annonce/autres-animaux/cailles-et-ufs-de-caille-5514762","Cailles et œufs de caille","3 000 CFA","Guediawaye, Dakar, Sénégal",""
"1771111103-209","https://sn.coinafrique.com/categorie/autres-animaux?page=1","https://sn.coinafrique.com/annonce/autres-animaux/oies-toulouse-5520138","Oies toulouse","Prix sur demande","Fass, Dakar, Sénégal","https://images.coinafrique.com/thumb_1428089_uploaded_image1_1578172839.3.png"
"1771111107-210","https://sn.coinafrique.com/categorie/autres-animaux?page=1","https://sn.coinafrique.com/annonce/autres-animaux/chaton-chartreux-5523792","Chaton Chartreux","100 000 CFA","Ouest Foire, Dakar, Sénégal",""
"1771111111-211","https://sn.coinafrique.com/categorie/autres-animaux?page=1","https://sn.coinafrique.com/annonce/autres-animaux/calopsite-elegante-5530646","Calopsite élégante","75 000 CFA","Point E, Dakar, Sénégal",""
"1771111115-212","https://sn.coinafrique.com/categorie/autres-animaux?page=1","https://sn.coinafrique.com/annonce/autres-animaux/angora-turc-chat-5536029","Angora turc-chat","Prix sur demande","Sicap Liberté, Dakar, Sénégal",""
"1771111119-213","https://sn.coinafrique.com/categorie/autres-animaux?page=1","https://sn.coinafrique.com/annonce/autres-animaux/taureau-metis-5538746","Taureau métis","2 500 000 CFA","Fatick, Sénégal",""
"1771111124-214","https://sn.coinafrique.com/categorie/autres-animaux?page=1","https://sn.coinafrique.com/annonce/autres-animaux/taureau-metis-dinsemination-5543760","Taureau métis d'insémination","2 500 000 CFA","Fatick, Sénégal",""
"1771111127-215","https://sn.coinafrique.com/categorie/autres-animaux?page=1","https://sn.coinafrique.com/annonce/autres-animaux/chat-persan-chinchilla-5543922","Chat Persan chinchilla","170 000 CFA","Sicap Liberté, Dakar, Sénégal","https://images.coinafrique.com/thumb_4268866_uploaded_image1_1687597344.jpg"
"1771111132-216","https://sn.coinafrique.com/categorie/autres-animaux?page=1","https://sn.coinafrique.com/annonce/autres-animaux/grand-bouc-hijazi-5547149","Grand Bouc Hijazi","1 200 CFA","Saint Louis, Sénégal",""
"1771111136-217","https://sn.coinafrique.com/categorie/autres-animaux?page=1","https://sn.coinafrique.com/annonce/autres-animaux/pintades-5547215","Pintades","Prix sur demande","Thies, Sénégal","https://images.coinafrique.com/thumb_4412768_uploaded_image1_1697036744.jpg"
"1771111139-218","https://sn.coinafrique.com/categorie/autres-animaux?page=1","https://sn.coinafrique.com/annonce/autres-animaux/perroquets-perruches-ondulees-5560070","Perroquets perruches ondulées","25 000 CFA","Point E, Dakar, Sénégal","https://images.coinafrique.com/thumb_5138284_uploaded_image1_1737038687.jpg"
"1771111142-219","https://sn.coinafrique.com/categorie/autres-animaux?page=1","https://sn.coinafrique.com/annonce/autres-animaux/uf-a-couver-5570463","Œuf à couver","Prix sur demande","Sicap foire, Dakar, Sénégal",""
"1771111145-220","https://sn.coinafrique.com/categorie/autres-animaux?page=1","https://sn.coinafrique.com/annonce/autres-animaux/bufs-5577776","Bœufs","Prix sur demande","Pikine, Sénégal",""
"1771111174-221","https://sn.coinafrique.com/categorie/autres-animaux?page=1","https://sn.coinafrique.com/annonce/autres-animaux/vache-5587581","Vache","350 000 CFA","Patte d'oie, Dakar, Sénégal",""
"1771111189-222","https://sn.coinafrique.com/categorie/autres-animaux?page=1","https://sn.coinafrique.com/annonce/autres-animaux/buf-5632012","Bœuf","725 CFA","Bambey, Sénégal",""
"1771111194-223","https://sn.coinafrique.com/categorie/autres-animaux?page=1","https://sn.coinafrique.com/annonce/autres-animaux/buf-5632019","Bœuf","650 CFA","Bambey, Sénégal",""
"1771111198-224","https://sn.coinafrique.com/categorie/autres-animaux?page=1","https://sn.coinafrique.com/annonce/autres-animaux/taureau-5634272","Taureau","2 500 000 CFA","Fatick, Sénégal","https://images.coinafrique.com/thumb_5543760_uploaded_image1_1758829182.jpg"
"1771111202-225","https://sn.coinafrique.com/categorie/autres-animaux?page=1","https://sn.coinafrique.com/annonce/autres-animaux/perroquets-rose-gorge-5668046","Perroquets rose gorge","40 000 CFA","Point E, Dakar, Sénégal","https://images.coinafrique.com/thumb_5462432_uploaded_image1_1754495711.jpg"
"1771111205-226","https://sn.coinafrique.com/categorie/autres-animaux?page=1","https://sn.coinafrique.com/annonce/autres-animaux/chatons-5671561","Chatons","Prix sur demande","Almadies 2, Dakar, Sénégal","https://images.coinafrique.com/thumb_2637004_uploaded_image1_1600508302.jpg"
"1771111209-227","https://sn.coinafrique.com/categorie/autres-animaux?page=1","https://sn.coinafrique.com/annonce/autres-animaux/auqarium-110-litre-et-couple-de-tortue-5672207","Auqarium 110 litre et couple de tortue","50 000 CFA","Dakar Plateau, Dakar, Sénégal",""
"1771111212-228","https://sn.coinafrique.com/categorie/autres-animaux?page=1","https://sn.coinafrique.com/annonce/autres-animaux/chaton-5673743","Chaton","750 000 CFA","Point E, Dakar, Sénégal","https://images.coinafrique.com/thumb_5673754_uploaded_image1_1765818969.jpg"
"1771111215-229","https://sn.coinafrique.com/categorie/autres-animaux?page=1","https://sn.coinafrique.com/annonce/autres-animaux/british-long-hair-blue-5673744","British Long Hair Blue","750 000 CFA","Point E, Dakar, Sénégal",""
"1771111219-230","https://sn.coinafrique.com/categorie/autres-animaux?page=1","https://sn.coinafrique.com/annonce/autres-animaux/chaton-persan-5673747","Chaton Persan","650 000 CFA","Point E, Dakar, Sénégal","https://images.coinafrique.com/thumb_4386249_uploaded_image1_1695340690.jpg"
"1771111223-231","https://sn.coinafrique.com/categorie/autres-animaux?page=1","https://sn.coinafrique.com/annonce/autres-animaux/chaton-5673754","Chaton","750 000 CFA","Point E, Dakar, Sénégal","https://images.coinafrique.com/thumb_5673754_uploaded_image1_1765818969.jpg"
"1771111225-232","https://sn.coinafrique.com/categorie/autres-animaux?page=1","https://sn.coinafrique.com/annonce/autres-animaux/scottish-fold-5673757","Scottish Fold","720 000 CFA","Point E, Dakar, Sénégal","https://images.coinafrique.com/thumb_5673743_uploaded_image1_1765818498.jpg"
"1771111229-233","https://sn.coinafrique.com/categorie/autres-animaux?page=1","https://sn.coinafrique.com/annonce/autres-animaux/oiseaux-exotiques-5716215","Oiseaux exotiques","Prix sur demande","Mbao, Dakar, Sénégal","https://images.coinafrique.com/thumb_1453837_uploaded_image1_1578583493.67.png"
"1771111232-234","https://sn.coinafrique.com/categorie/autres-animaux?page=1","https://sn.coinafrique.com/annonce/autres-animaux/taureau-300-kg-5737439","Taureau 300 kg","750 000 CFA","Matam, Sénégal",""
"1771111234-235","https://sn.coinafrique.com/categorie/autres-animaux?page=1","https://sn.coinafrique.com/annonce/autres-animaux/canard-de-barbarie-5769889","Canard de barbarie","12 000 CFA","Diamniadio, Sénégal","https://images.coinafrique.com/thumb_3761752_uploaded_image1_1656414791.jpg"
