web_scraper_order,web_scraper_start_url,container_chien,Nom,Prix,Adresse,Image_lien
"1771110108-1","https://sn.coinafrique.com/categorie/chiens?page=3","https://sn.coinafrique.com/annonce/chiens/chiot-bichon-4739575","Chiot Bichon","150 000 CFA","Grand Yoff, Dakar, Sénégal","https://images.coinafrique.com/thumb_4739575_uploaded_image1_1715527231.jpg"
"1771110111-2","https://sn.coinafrique.com/categorie/chiens?page=3","https://sn.coinafrique.com/annonce/chiens/chiots-4740260","Chiots","20 000 CFA","Gorée, Dakar, Sénégal","https://images.coinafrique.com/thumb_4740260_uploaded_image1_1715562134.jpg"
"1771110116-3","https://sn.coinafrique.com/categorie/chiens?page=3","https://sn.coinafrique.com/annonce/chiens/chien-husky-4755258","Chien Husky","300 000 CFA","Ouest Foire, Dakar, Sénégal","https://images.coinafrique.com/thumb_4814513_uploaded_image1_1719531765.jpg"
"1771110119-4","https://sn.coinafrique.com/categorie/chiens?page=3","https://sn.coinafrique.com/annonce/chiens/chiot-malinois-4755803","Chiot Malinois","290 CFA","Dakar, Sénégal","https://images.coinafrique.com/thumb_5628892_uploaded_image1_1763507006.jpg"
"1771110123-5","https://sn.coinafrique.com/categorie/chiens?page=3","https://sn.coinafrique.com/annonce/chiens/chiots-berger-xl-4758802","Chiots Berger XL","250 000 CFA","Saly, Sénégal","https://images.coinafrique.com/thumb_4758802_uploaded_image1_1716485273.jpg"
"1771110126-6","https://sn.coinafrique.com/categorie/chiens?page=3","https://sn.coinafrique.com/annonce/chiens/chiots-berger-allemand-4764005","Chiots Berger Allemand","400 000 CFA","Mbour, Sénégal","https://images.coinafrique.com/thumb_5290700_uploaded_image1_1745194550.jpg"
"1771110130-7","https://sn.coinafrique.com/categorie/chiens?page=3","https://sn.coinafrique.com/annonce/chiens/chiot-malinois-femelle-4795597","Chiot malinois femelle","250 000 CFA","Saly, Sénégal","https://images.coinafrique.com/thumb_4795597_uploaded_image1_1718373916.jpg"
"1771110133-8","https://sn.coinafrique.com/categorie/chiens?page=3","https://sn.coinafrique.com/annonce/chiens/bichon-maltais-4806292","Bichon Maltais","779 638 883 CFA","Dakar, Sénégal","https://images.coinafrique.com/thumb_5377145_uploaded_image1_1750084686.jpg"
"1771110136-9","https://sn.coinafrique.com/categorie/chiens?page=3","https://sn.coinafrique.com/annonce/chiens/chien-malinois-4806294","Chien Malinois","77 963 888 CFA","Dakar, Sénégal","https://images.coinafrique.com/thumb_5124976_uploaded_image1_1736338081.jpg"
"1771110139-10","https://sn.coinafrique.com/categorie/chiens?page=3","https://sn.coinafrique.com/annonce/chiens/chiot-malinois-4-mois-4807147","Chiot Malinois 4 mois","275 CFA","Dakar, Sénégal","https://images.coinafrique.com/thumb_4807147_uploaded_image2_1719173692.jpeg"
"1771110142-11","https://sn.coinafrique.com/categorie/chiens?page=3","https://sn.coinafrique.com/annonce/chiens/chiots-dog-canaries-4808208","Chiots dog canaries","Prix sur demande","Keur Massar, Sénégal","https://images.coinafrique.com/thumb_4808208_uploaded_image1_1719236144.jpg"
"1771110145-12","https://sn.coinafrique.com/categorie/chiens?page=3","https://sn.coinafrique.com/annonce/chiens/chiot-husky-pur-sang-4814513","Chiot Husky pur sang","250 000 CFA","Ouest Foire, Dakar, Sénégal","https://images.coinafrique.com/thumb_4814513_uploaded_image1_1719531765.jpg"
"1771110149-13","https://sn.coinafrique.com/categorie/chiens?page=3","https://sn.coinafrique.com/annonce/chiens/chiots-berger-allemand-4817314","Chiots Berger Allemand","160 000 CFA","Cambérène, Dakar, Sénégal","https://images.coinafrique.com/thumb_4875998_uploaded_image1_1722728517.jpg"
"1771110153-14","https://sn.coinafrique.com/categorie/chiens?page=3","https://sn.coinafrique.com/annonce/chiens/chiens-de-race-4829728","Chiens de race","500 000 CFA","HLM, Dakar, Sénégal","https://images.coinafrique.com/thumb_5158454_uploaded_image1_1738138116.jpg"
"1771110157-15","https://sn.coinafrique.com/categorie/chiens?page=3","https://sn.coinafrique.com/annonce/chiens/chiens-de-race-4829755","Chiens de race","250 000 CFA","HLM, Dakar, Sénégal","https://images.coinafrique.com/thumb_5158454_uploaded_image1_1738138116.jpg"
"1771110160-16","https://sn.coinafrique.com/categorie/chiens?page=3","https://sn.coinafrique.com/annonce/chiens/berger-allemand-poil-long-4834152","Berger Allemand poil long","150 000 CFA","Thies, Sénégal","https://images.coinafrique.com/thumb_4834152_uploaded_image1_1720526802.jpg"
"1771110164-17","https://sn.coinafrique.com/categorie/chiens?page=3","https://sn.coinafrique.com/annonce/chiens/chiots-berger-allemand-4837526","Chiots Berger Allemand","350 000 CFA","Parcelle Assainies, Dakar, Sénégal","https://images.coinafrique.com/thumb_4837526_uploaded_image1_1720683729.jpg"
"1771110167-18","https://sn.coinafrique.com/categorie/chiens?page=3","https://sn.coinafrique.com/annonce/chiens/berger-allemand-4840125","Berger Allemand","150 000 CFA","Cambérène, Dakar, Sénégal","https://images.coinafrique.com/thumb_4875998_uploaded_image1_1722728517.jpg"
"1771110171-19","https://sn.coinafrique.com/categorie/chiens?page=3","https://sn.coinafrique.com/annonce/chiens/berger-allemand-4845561","Berger allemand","150 000 CFA","Diamniadio, Sénégal","https://images.coinafrique.com/thumb_5560003_uploaded_image1_1759693627.jpg"
"1771110176-20","https://sn.coinafrique.com/categorie/chiens?page=3","https://sn.coinafrique.com/annonce/chiens/chiots-spitz-nain-4845887","Chiots spitz nain","800 000 CFA","Dakar Plateau, Dakar, Sénégal","https://images.coinafrique.com/thumb_4845887_uploaded_image1_1721141629.jpg"
"1771110181-21","https://sn.coinafrique.com/categorie/chiens?page=3","https://sn.coinafrique.com/annonce/chiens/chiots-rottweiler-4848898","Chiots Rottweiler","250 000 CFA","Mariste, Dakar, Sénégal","https://images.coinafrique.com/thumb_4848898_uploaded_image1_1721301203.jpg"
"1771110185-22","https://sn.coinafrique.com/categorie/chiens?page=3","https://sn.coinafrique.com/annonce/chiens/chiot-belgian-malinois-charbonne-4850412","Chiot Belgian Malinois charbonne","250 000 CFA","Yoff, Dakar, Sénégal","https://images.coinafrique.com/thumb_4850412_uploaded_image1_1721376820.jpg"
"1771110189-23","https://sn.coinafrique.com/categorie/chiens?page=3","https://sn.coinafrique.com/annonce/chiens/chiot-cane-corso-4851447","Chiot Cane Corso","Prix sur demande","Mariste, Dakar, Sénégal","https://images.coinafrique.com/thumb_4851447_uploaded_image1_1721414706.jpg"
"1771110194-24","https://sn.coinafrique.com/categorie/chiens?page=3","https://sn.coinafrique.com/annonce/chiens/chiot-husky-4852383","Chiot Husky","200 000 CFA","Mbour, Sénégal","https://images.coinafrique.com/thumb_4852383_uploaded_image1_1721477152.jpg"
"1771110198-25","https://sn.coinafrique.com/categorie/chiens?page=3","https://sn.coinafrique.com/annonce/chiens/chiot-chiwawa-4853647","Chiot Chiwawa","550 000 CFA","Dakar Plateau, Dakar, Sénégal","https://images.coinafrique.com/thumb_4853647_uploaded_image1_1721564020.jpg"
"1771110202-26","https://sn.coinafrique.com/categorie/chiens?page=3","https://sn.coinafrique.com/annonce/chiens/chiots-golden-retriever-4853861","Chiots Golden retriever","650 000 CFA","Dakar Plateau, Dakar, Sénégal","https://images.coinafrique.com/thumb_4853861_uploaded_image1_1721576301.jpg"
"1771110204-27","https://sn.coinafrique.com/categorie/chiens?page=3","https://sn.coinafrique.com/annonce/chiens/chiots-berger-allemand-4858734","Chiots berger allemand","150 000 CFA","Keur Massar, Sénégal","https://images.coinafrique.com/thumb_5429666_uploaded_image1_1752845223.jpg"
"1771110234-28","https://sn.coinafrique.com/categorie/chiens?page=3","https://sn.coinafrique.com/annonce/chiens/bichons-maltin-pure-race-4865327","Bichons maltin pure race","250 000 CFA","HLM, Dakar, Sénégal",""
"1771110241-29","https://sn.coinafrique.com/categorie/chiens?page=3","https://sn.coinafrique.com/annonce/chiens/chiot-caniche-4867390","Chiot Caniche","150 000 CFA","Thies, Sénégal","https://images.coinafrique.com/thumb_4893046_uploaded_image1_1723590343.jpg"
"1771110247-30","https://sn.coinafrique.com/categorie/chiens?page=3","https://sn.coinafrique.com/annonce/chiens/golden-retriever-4885131","Golden Retriever","300 000 CFA","Almadies 2, Dakar, Sénégal","https://images.coinafrique.com/thumb_5540468_uploaded_image1_1758664107.jpg"
"1771110251-31","https://sn.coinafrique.com/categorie/chiens?page=3","https://sn.coinafrique.com/annonce/chiens/pitbull-4885134","Pitbull","135 000 CFA","Almadies 2, Dakar, Sénégal","https://images.coinafrique.com/thumb_4885134_uploaded_image1_1723173253.jpg"
"1771110256-32","https://sn.coinafrique.com/categorie/chiens?page=3","https://sn.coinafrique.com/annonce/chiens/berger-allemand-4885136","Berger Allemand","150 000 CFA","Almadies 2, Dakar, Sénégal","https://images.coinafrique.com/thumb_5735854_uploaded_image1_1769103978.jpg"
"1771110262-33","https://sn.coinafrique.com/categorie/chiens?page=3","https://sn.coinafrique.com/annonce/chiens/berger-allemand-4888701","Berger allemand","150 000 CFA","Keur Massar, Sénégal","https://images.coinafrique.com/thumb_5429666_uploaded_image1_1752845223.jpg"
"1771110266-34","https://sn.coinafrique.com/categorie/chiens?page=3","https://sn.coinafrique.com/annonce/chiens/chiot-berger-allemand-4892261","Chiot Berger Allemand","150 000 CFA","Dakar, Sénégal","https://images.coinafrique.com/thumb_5563010_uploaded_image1_1759844917.jpg"
"1771110270-35","https://sn.coinafrique.com/categorie/chiens?page=3","https://sn.coinafrique.com/annonce/chiens/chiot-femelle-caniche-4893046","Chiot femelle caniche","150 000 CFA","Thies, Sénégal","https://images.coinafrique.com/thumb_4893046_uploaded_image1_1723590343.jpg"
"1771110274-36","https://sn.coinafrique.com/categorie/chiens?page=3","https://sn.coinafrique.com/annonce/chiens/berger-malinois-4910751","Berger Malinois","200 000 CFA","Dakar, Sénégal","https://images.coinafrique.com/thumb_4910751_uploaded_image1_1724605148.jpg"
"1771110278-37","https://sn.coinafrique.com/categorie/chiens?page=3","https://sn.coinafrique.com/annonce/chiens/chiot-rottweiler-4920593","Chiot Rottweiler","300 000 CFA","Thies, Sénégal","https://images.coinafrique.com/thumb_4920593_uploaded_image1_1725147642.jpg"
"1771110282-38","https://sn.coinafrique.com/categorie/chiens?page=3","https://sn.coinafrique.com/annonce/chiens/chiot-bichon-maltais-4934038","Chiot bichon Maltais","150 000 CFA","Keur Massar, Sénégal","https://images.coinafrique.com/thumb_4934038_uploaded_image1_1725809065.jpg"
"1771110287-39","https://sn.coinafrique.com/categorie/chiens?page=3","https://sn.coinafrique.com/annonce/chiens/chiot-bichon-4935684","Chiot Bichon","180 000 CFA","Mamelles, Dakar, Sénégal","https://images.coinafrique.com/thumb_5357093_uploaded_image1_1748892640.jpg"
"1771110290-40","https://sn.coinafrique.com/categorie/chiens?page=3","https://sn.coinafrique.com/annonce/chiens/couple-de-chiot-de-race-4937044","Couple de chiot de race","75 000 CFA","Ngor, Dakar, Sénégal","https://images.coinafrique.com/thumb_4937044_uploaded_image1_1725971142.jpg"
"1771110293-41","https://sn.coinafrique.com/categorie/chiens?page=3","https://sn.coinafrique.com/annonce/chiens/chiot-berger-allemand-4943304","Chiot Berger Allemand","100 000 CFA","Thies, Sénégal","https://images.coinafrique.com/thumb_5491012_uploaded_image1_1756047419.jpg"
"1771110297-42","https://sn.coinafrique.com/categorie/chiens?page=3","https://sn.coinafrique.com/annonce/chiens/chiot-chihuahua-4946002","Chiot chihuahua","390 000 CFA","Ngaparou, Sénégal","https://images.coinafrique.com/thumb_4946002_uploaded_image1_1726441968.jpg"
"1771110302-43","https://sn.coinafrique.com/categorie/chiens?page=3","https://sn.coinafrique.com/annonce/chiens/chiots-pitbull-4951773","Chiots Pitbull","200 000 CFA","Dakar, Sénégal","https://images.coinafrique.com/thumb_4951773_uploaded_image1_1726751081.jpg"
"1771110307-44","https://sn.coinafrique.com/categorie/chiens?page=3","https://sn.coinafrique.com/annonce/chiens/chiot-boerboel-4951796","Chiot Boerboel","250 000 CFA","Dakar, Sénégal","https://images.coinafrique.com/thumb_4951796_uploaded_image1_1726751862.jpg"
"1771110312-45","https://sn.coinafrique.com/categorie/chiens?page=3","https://sn.coinafrique.com/annonce/chiens/chiot-bichon-4951836","Chiot Bichon","120 000 CFA","Sacré-Coeur, Dakar, Sénégal","https://images.coinafrique.com/thumb_5521237_uploaded_image1_1757636811.jpg"
"1771110315-46","https://sn.coinafrique.com/categorie/chiens?page=3","https://sn.coinafrique.com/annonce/chiens/chiot-labrador-4953869","Chiot Labrador","Prix sur demande","Mbao, Dakar, Sénégal","https://images.coinafrique.com/thumb_5136517_uploaded_image1_1736959572.jpg"
"1771110318-47","https://sn.coinafrique.com/categorie/chiens?page=3","https://sn.coinafrique.com/annonce/chiens/chiot-bichon-maltais-4953991","Chiot Bichon Maltais","120 000 CFA","Mbao, Dakar, Sénégal","https://images.coinafrique.com/thumb_5104979_uploaded_image2_1734994461.jpeg"
"1771110322-48","https://sn.coinafrique.com/categorie/chiens?page=3","https://sn.coinafrique.com/annonce/chiens/chiot-boerboel-4960771","chiot boerboel","500 000 CFA","Mbour, Sénégal","https://images.coinafrique.com/thumb_4960771_uploaded_image1_1727238490.jpg"
"1771110325-49","https://sn.coinafrique.com/categorie/chiens?page=3","https://sn.coinafrique.com/annonce/chiens/chiots-croise-boer-et-root-4919750","Chiots croisé Boer et Root","150 000 CFA","Cambérène, Dakar, Sénégal","https://images.coinafrique.com/thumb_4919750_uploaded_image1_1725108338.jpg"
"1771110329-50","https://sn.coinafrique.com/categorie/chiens?page=3","https://sn.coinafrique.com/annonce/chiens/bichon-maltais-4968555","Bichon maltais","180 000 CFA","Sicap Liberté, Dakar, Sénégal","https://images.coinafrique.com/thumb_5713394_uploaded_image1_1768013303.jpg"
"1771110332-51","https://sn.coinafrique.com/categorie/chiens?page=3","https://sn.coinafrique.com/annonce/chiens/bichon-maltais-pur-race-4968565","Bichon maltais pur race","180 000 CFA","Sicap Liberté, Dakar, Sénégal","https://images.coinafrique.com/thumb_4968565_uploaded_image1_1727702109.jpg"
"1771110336-52","https://sn.coinafrique.com/categorie/chiens?page=3","https://sn.coinafrique.com/annonce/chiens/chien-4969495","Chien","350 000 CFA","Keur Massar, Sénégal","https://images.coinafrique.com/thumb_4969495_uploaded_image1_1727744912.jpg"
"1771110340-53","https://sn.coinafrique.com/categorie/chiens?page=3","https://sn.coinafrique.com/annonce/chiens/chiot-bichon-maltais-4993670","Chiot Bichon Maltais","300 000 CFA","Yoff, Dakar, Sénégal","https://images.coinafrique.com/thumb_4993670_uploaded_image1_1728931466.jpg"
"1771110344-54","https://sn.coinafrique.com/categorie/chiens?page=3","https://sn.coinafrique.com/annonce/chiens/berger-allemand-femelle-4996897","Berger allemand femelle","155 000 CFA","Diamniadio, Sénégal","https://images.coinafrique.com/thumb_4996897_uploaded_image1_1729087539.jpg"
"1771110378-55","https://sn.coinafrique.com/categorie/chiens?page=3","https://sn.coinafrique.com/annonce/chiens/chiots-labrador-pure-race-5002785","Chiots labrador pure race","Prix sur demande","Mbao, Dakar, Sénégal","https://images.coinafrique.com/thumb_5136517_uploaded_image1_1736959572.jpg"
"1771110389-56","https://sn.coinafrique.com/categorie/chiens?page=3","https://sn.coinafrique.com/annonce/chiens/chiot-berger-allemand-5016564","Chiot Berger Allemand","350 000 CFA","Guediawaye, Dakar, Sénégal","https://images.coinafrique.com/thumb_5751732_uploaded_image1_1769889114.jpg"
"1771110394-57","https://sn.coinafrique.com/categorie/chiens?page=3","https://sn.coinafrique.com/annonce/chiens/chiot-rottweiler-5044649","Chiot Rottweiler","300 000 CFA","Mbao, Dakar, Sénégal","https://images.coinafrique.com/thumb_5044649_uploaded_image1_1731627517.jpg"
"1771110400-58","https://sn.coinafrique.com/categorie/chiens?page=3","https://sn.coinafrique.com/annonce/chiens/caniche-male-5054275","Caniche mâle","650 000 CFA","Almadies 2, Dakar, Sénégal",""
"1771110403-59","https://sn.coinafrique.com/categorie/chiens?page=3","https://sn.coinafrique.com/annonce/chiens/femelle-berger-allemand-4-mois-5065991","Femelle berger allemand 4 mois","Prix sur demande","Dakar, Sénégal","https://images.coinafrique.com/thumb_5065991_uploaded_image1_1732805663.jpg"
"1771110408-60","https://sn.coinafrique.com/categorie/chiens?page=3","https://sn.coinafrique.com/annonce/chiens/berger-malinois-5078573","Berger malinois","250 000 CFA","Mbao, Dakar, Sénégal","https://images.coinafrique.com/thumb_5078573_uploaded_image1_1733447779.jpg"
"1771110412-61","https://sn.coinafrique.com/categorie/chiens?page=3","https://sn.coinafrique.com/annonce/chiens/chiot-bichon-maltais-5085579","Chiot Bichon Maltais","80 000 CFA","Sicap Liberté, Dakar, Sénégal","https://images.coinafrique.com/thumb_5713394_uploaded_image1_1768013303.jpg"
"1771110415-62","https://sn.coinafrique.com/categorie/chiens?page=3","https://sn.coinafrique.com/annonce/chiens/chiot-bichon-maltais-5085597","Chiot Bichon Maltais","80 000 CFA","Sicap Liberté, Dakar, Sénégal","https://images.coinafrique.com/thumb_5713394_uploaded_image1_1768013303.jpg"
"1771110419-63","https://sn.coinafrique.com/categorie/chiens?page=3","https://sn.coinafrique.com/annonce/chiens/chiot-bichon-maltais-5085599","Chiot Bichon Maltais","80 000 CFA","Sicap Liberté, Dakar, Sénégal","https://images.coinafrique.com/thumb_5713394_uploaded_image1_1768013303.jpg"
"1771110423-64","https://sn.coinafrique.com/categorie/chiens?page=3","https://sn.coinafrique.com/annonce/chiens/chiot-bichon-maltais-5090975","Chiot Bichon Maltais","Prix sur demande","Mbao, Dakar, Sénégal","https://images.coinafrique.com/thumb_5104979_uploaded_image2_1734994461.jpeg"
"1771110427-65","https://sn.coinafrique.com/categorie/chiens?page=3","https://sn.coinafrique.com/annonce/chiens/chiot-bichon-maltais-5104979","Chiot Bichon Maltais","Prix sur demande","Mbao, Dakar, Sénégal","https://images.coinafrique.com/thumb_5104979_uploaded_image2_1734994461.jpeg"
"1771110431-66","https://sn.coinafrique.com/categorie/chiens?page=3","https://sn.coinafrique.com/annonce/chiens/chiot-berger-allemand-5114394","Chiot Berger Allemand","210 000 CFA","Fann, Dakar, Sénégal","https://images.coinafrique.com/thumb_5336125_uploaded_image1_1747687556.jpg"
"1771110434-67","https://sn.coinafrique.com/categorie/chiens?page=3","https://sn.coinafrique.com/annonce/chiens/chien-5124976","Chien","275 CFA","Dakar, Sénégal","https://images.coinafrique.com/thumb_5377145_uploaded_image1_1750084686.jpg"
"1771110440-68","https://sn.coinafrique.com/categorie/chiens?page=3","https://sn.coinafrique.com/annonce/chiens/chiot-berger-allemand-5127074","Chiot Berger Allemand","250 000 CFA","Sacré-Coeur, Dakar, Sénégal","https://images.coinafrique.com/thumb_5575546_uploaded_image1_1760547251.jpg"
"1771110443-69","https://sn.coinafrique.com/categorie/chiens?page=3","https://sn.coinafrique.com/annonce/chiens/chiot-berger-allemand-5131922","Chiot Berger Allemand","130 000 CFA","Dakar, Sénégal","https://images.coinafrique.com/thumb_5563010_uploaded_image1_1759844917.jpg"
"1771110449-70","https://sn.coinafrique.com/categorie/chiens?page=3","https://sn.coinafrique.com/annonce/chiens/chiots-bichons-5133780","Chiots Bichons","175 000 CFA","Mamelles, Dakar, Sénégal","https://images.coinafrique.com/thumb_5357093_uploaded_image1_1748892640.jpg"
"1771110454-71","https://sn.coinafrique.com/categorie/chiens?page=3","https://sn.coinafrique.com/annonce/chiens/chiot-labrador-5136517","Chiot Labrador","Prix sur demande","Mbao, Dakar, Sénégal","https://images.coinafrique.com/thumb_5136517_uploaded_image1_1736959572.jpg"
"1771110458-72","https://sn.coinafrique.com/categorie/chiens?page=3","https://sn.coinafrique.com/annonce/chiens/chien-rottewaler-5155571","Chien Rottewaler","300 000 CFA","Dakar Plateau, Dakar, Sénégal","https://images.coinafrique.com/thumb_5155571_uploaded_image1_1737992590.jpg"
"1771110463-73","https://sn.coinafrique.com/categorie/chiens?page=3","https://sn.coinafrique.com/annonce/chiens/chiots-doberman-5158454","Chiots Doberman","400 000 CFA","HLM, Dakar, Sénégal","https://images.coinafrique.com/thumb_5158454_uploaded_image1_1738138116.jpg"
"1771110467-74","https://sn.coinafrique.com/categorie/chiens?page=3","https://sn.coinafrique.com/annonce/chiens/chiot-rottweiler-5161997","Chiot Rottweiler","350 000 CFA","Sacré-Coeur, Dakar, Sénégal","https://images.coinafrique.com/thumb_5321351_uploaded_image1_1746881645.jpg"
"1771110471-75","https://sn.coinafrique.com/categorie/chiens?page=3","https://sn.coinafrique.com/annonce/chiens/chiots-dogo-canario-5178208","Chiots Dogo Canario","Prix sur demande","Dakar, Sénégal","https://images.coinafrique.com/thumb_5178208_uploaded_image1_1739149958.jpg"
"1771110474-76","https://sn.coinafrique.com/categorie/chiens?page=3","https://sn.coinafrique.com/annonce/chiens/chiot-berger-allemand-5186005","Chiot Berger Allemand","130 000 CFA","Pikine, Sénégal","https://images.coinafrique.com/thumb_5439144_uploaded_image1_1753362359.jpg"
"1771110486-77","https://sn.coinafrique.com/categorie/chiens?page=2","https://sn.coinafrique.com/annonce/chiens/chiots-husky-siberien-5186967","Chiots Husky Sibérien","Prix sur demande","Mbao, Dakar, Sénégal","https://images.coinafrique.com/thumb_5186967_uploaded_image1_1739620133.jpg"
"1771110490-78","https://sn.coinafrique.com/categorie/chiens?page=2","https://sn.coinafrique.com/annonce/chiens/chiot-rott-5192129","Chiot Rott","200 000 CFA","Diamniadio, Sénégal","https://images.coinafrique.com/thumb_5192129_uploaded_image1_1739908831.jpg"
"1771110493-79","https://sn.coinafrique.com/categorie/chiens?page=2","https://sn.coinafrique.com/annonce/chiens/chiot-berger-allemand-5199105","Chiot Berger Allemand","400 000 CFA","Mbao, Dakar, Sénégal","https://images.coinafrique.com/thumb_5352744_uploaded_image2_1748635949.jpeg"
"1771110498-80","https://sn.coinafrique.com/categorie/chiens?page=2","https://sn.coinafrique.com/annonce/chiens/chiot-bichons-havanais-5199916","Chiot Bichons Havanais","130 000 CFA","Ouakam, Dakar, Sénégal","https://images.coinafrique.com/thumb_5498808_uploaded_image1_1756485463.jpg"
"1771110502-81","https://sn.coinafrique.com/categorie/chiens?page=2","https://sn.coinafrique.com/annonce/chiens/chiot-rott-5213979","Chiot Rott","300 000 CFA","Thies, Sénégal","https://images.coinafrique.com/thumb_5213979_uploaded_image1_1741092307.jpg"
"1771110506-82","https://sn.coinafrique.com/categorie/chiens?page=2","https://sn.coinafrique.com/annonce/chiens/chiot-malinois-5213981","Chiot Malinois","250 000 CFA","Thies, Sénégal","https://images.coinafrique.com/thumb_5690476_uploaded_image1_1766764470.jpg"
"1771110512-83","https://sn.coinafrique.com/categorie/chiens?page=2","https://sn.coinafrique.com/annonce/chiens/chiot-bichon-maltais-5221815","Chiot Bichon Maltais","175 000 CFA","Ouakam, Dakar, Sénégal","https://images.coinafrique.com/thumb_5221815_uploaded_image2_1741461038.jpeg"
"1771110515-84","https://sn.coinafrique.com/categorie/chiens?page=2","https://sn.coinafrique.com/annonce/chiens/chiot-berger-allemand-5222675","Chiot Berger Allemand","150 000 CFA","Pikine, Sénégal","https://images.coinafrique.com/thumb_5439144_uploaded_image1_1753362359.jpg"
"1771110522-85","https://sn.coinafrique.com/categorie/chiens?page=2","https://sn.coinafrique.com/annonce/chiens/chiot-boerbull-5222912","Chiot Boerbull","Prix sur demande","Dakar, Sénégal","https://images.coinafrique.com/thumb_5222921_uploaded_image1_1741538962.jpg"
"1771110526-86","https://sn.coinafrique.com/categorie/chiens?page=2","https://sn.coinafrique.com/annonce/chiens/chiot-boerbull-5222921","Chiot Boerbull","Prix sur demande","Dakar, Sénégal","https://images.coinafrique.com/thumb_5222921_uploaded_image1_1741538962.jpg"
"1771110531-87","https://sn.coinafrique.com/categorie/chiens?page=2","https://sn.coinafrique.com/annonce/chiens/chiots-5222994","Chiots","150 000 CFA","Pikine, Sénégal","https://images.coinafrique.com/thumb_5524392_uploaded_image1_1757805590.jpg"
"1771110535-88","https://sn.coinafrique.com/categorie/chiens?page=2","https://sn.coinafrique.com/annonce/chiens/chiots-berger-allemand-5228717","Chiots Berger Allemand","300 000 CFA","Mbour, Sénégal","https://images.coinafrique.com/thumb_5290700_uploaded_image1_1745194550.jpg"
"1771110549-89","https://sn.coinafrique.com/categorie/chiens?page=2","https://sn.coinafrique.com/annonce/chiens/chiots-5249300","Chiots","Prix sur demande","Thies, Sénégal","https://images.coinafrique.com/thumb_5690476_uploaded_image1_1766764470.jpg"
"1771110552-90","https://sn.coinafrique.com/categorie/chiens?page=2","https://sn.coinafrique.com/annonce/chiens/chiens-malinois-5251605","Chiens malinois","100 CFA","Thies, Sénégal","https://images.coinafrique.com/thumb_5277780_uploaded_image1_1744399979.jpg"
"1771110556-91","https://sn.coinafrique.com/categorie/chiens?page=2","https://sn.coinafrique.com/annonce/chiens/chiots-husky-5253441","Chiots Husky","200 000 CFA","Mbao, Dakar, Sénégal","https://images.coinafrique.com/thumb_5253441_uploaded_image1_1743081336.jpg"
"1771110559-92","https://sn.coinafrique.com/categorie/chiens?page=2","https://sn.coinafrique.com/annonce/chiens/chiots-pitbull-5253443","Chiots Pitbull","150 000 CFA","Mbao, Dakar, Sénégal","https://images.coinafrique.com/thumb_5253443_uploaded_image1_1743081531.jpg"
"1771110563-93","https://sn.coinafrique.com/categorie/chiens?page=2","https://sn.coinafrique.com/annonce/chiens/chiots-dalmatiens-5256321","Chiots Dalmatiens","Prix sur demande","Mbao, Dakar, Sénégal","https://images.coinafrique.com/thumb_5256321_uploaded_image1_1743258183.jpg"
"1771110566-94","https://sn.coinafrique.com/categorie/chiens?page=2","https://sn.coinafrique.com/annonce/chiens/chiot-husky-femelle-5259188","Chiot Husky femelle","Prix sur demande","Sacré-Coeur, Dakar, Sénégal","https://images.coinafrique.com/thumb_5259188_uploaded_image1_1743466264.jpg"
"1771110569-95","https://sn.coinafrique.com/categorie/chiens?page=2","https://sn.coinafrique.com/annonce/chiens/chiot-berger-allemand-5268192","Chiot Berger Allemand","150 000 CFA","Sacré-Coeur, Dakar, Sénégal","https://images.coinafrique.com/thumb_5575546_uploaded_image1_1760547251.jpg"
"1771110573-96","https://sn.coinafrique.com/categorie/chiens?page=2","https://sn.coinafrique.com/annonce/chiens/chiot-bichon-havanais-5272964","Chiot Bichon Havanais","150 000 CFA","Ouakam, Dakar, Sénégal","https://images.coinafrique.com/thumb_5498808_uploaded_image1_1756485463.jpg"
"1771110576-97","https://sn.coinafrique.com/categorie/chiens?page=2","https://sn.coinafrique.com/annonce/chiens/chiens-malinois-5277780","Chiens malinois","100 CFA","Thies, Sénégal","https://images.coinafrique.com/thumb_5277780_uploaded_image1_1744399979.jpg"
"1771110580-98","https://sn.coinafrique.com/categorie/chiens?page=2","https://sn.coinafrique.com/annonce/chiens/chiot-berger-allemand-5290700","Chiot Berger allemand","250 000 CFA","Mbour, Sénégal","https://images.coinafrique.com/thumb_5290700_uploaded_image1_1745194550.jpg"
"1771110583-99","https://sn.coinafrique.com/categorie/chiens?page=2","https://sn.coinafrique.com/annonce/chiens/chiot-berger-allemand-5293825","Chiot Berger Allemand","Prix sur demande","Sacré-Coeur, Dakar, Sénégal","https://images.coinafrique.com/thumb_5575546_uploaded_image1_1760547251.jpg"
"1771110586-100","https://sn.coinafrique.com/categorie/chiens?page=2","https://sn.coinafrique.com/annonce/chiens/chiot-berger-allemand-5298958","Chiot Berger Allemand","200 000 CFA","Sacré-Coeur, Dakar, Sénégal","https://images.coinafrique.com/thumb_5575546_uploaded_image1_1760547251.jpg"
"1771110590-101","https://sn.coinafrique.com/categorie/chiens?page=2","https://sn.coinafrique.com/annonce/chiens/chiot-femelle-cane-corso-5299584","Chiot femelle cane corso","350 000 CFA","Sacré-Coeur, Dakar, Sénégal","https://images.coinafrique.com/thumb_5299584_uploaded_image1_1745674318.jpg"
"1771110592-102","https://sn.coinafrique.com/categorie/chiens?page=2","https://sn.coinafrique.com/annonce/chiens/chiot-5302773","Chiot","380 000 CFA","Almadies, Dakar, Sénégal","https://images.coinafrique.com/thumb_5644579_uploaded_image1_1764272051.jpg"
"1771110595-103","https://sn.coinafrique.com/categorie/chiens?page=2","https://sn.coinafrique.com/annonce/chiens/chiot-pitbull-terrier-5303725","Chiot Pitbull Terrier","Prix sur demande","Mbour, Sénégal","https://images.coinafrique.com/thumb_5303725_uploaded_image1_1745943692.jpg"
"1771110598-104","https://sn.coinafrique.com/categorie/chiens?page=2","https://sn.coinafrique.com/annonce/chiens/vente-berger-femelle-5305053","Vente Berger Femelle","400 CFA","Guediawaye, Dakar, Sénégal","https://images.coinafrique.com/thumb_5305053_uploaded_image1_1746020493.jpg"
"1771110601-105","https://sn.coinafrique.com/categorie/chiens?page=2","https://sn.coinafrique.com/annonce/chiens/chiots-labradors-5316749","Chiots Labradors","120 000 CFA","Thies, Sénégal","https://images.coinafrique.com/thumb_5316749_uploaded_image1_1746650873.jpg"
"1771110605-106","https://sn.coinafrique.com/categorie/chiens?page=2","https://sn.coinafrique.com/annonce/chiens/chiot-berger-allemand-5317080","Chiot Berger allemand","200 000 CFA","Sacré-Coeur, Dakar, Sénégal","https://images.coinafrique.com/thumb_5575546_uploaded_image1_1760547251.jpg"
"1771110608-107","https://sn.coinafrique.com/categorie/chiens?page=2","https://sn.coinafrique.com/annonce/chiens/chiot-cavalier-king-5319622","Chiot Cavalier king","Prix sur demande","Almadies 2, Dakar, Sénégal","https://images.coinafrique.com/thumb_5319622_uploaded_image1_1746790053.jpg"
"1771110612-108","https://sn.coinafrique.com/categorie/chiens?page=2","https://sn.coinafrique.com/annonce/chiens/chiot-rotweiller-5321351","Chiot Rotweiller","350 000 CFA","Sacré-Coeur, Dakar, Sénégal","https://images.coinafrique.com/thumb_5321351_uploaded_image1_1746881645.jpg"
"1771110616-109","https://sn.coinafrique.com/categorie/chiens?page=2","https://sn.coinafrique.com/annonce/chiens/chiot-berger-allemand-5321695","Chiot Berger Allemand","150 000 CFA","Thies, Sénégal","https://images.coinafrique.com/thumb_5491012_uploaded_image1_1756047419.jpg"
"1771110619-110","https://sn.coinafrique.com/categorie/chiens?page=2","https://sn.coinafrique.com/annonce/chiens/chiot-bichon-5321857","Chiot Bichon","Prix sur demande","Almadies 2, Dakar, Sénégal","https://images.coinafrique.com/thumb_5321857_uploaded_image1_1746909799.jpg"
"1771110623-111","https://sn.coinafrique.com/categorie/chiens?page=2","https://sn.coinafrique.com/annonce/chiens/chiot-husky-5322117","Chiot Husky","Prix sur demande","Sacré-Coeur, Dakar, Sénégal","https://images.coinafrique.com/thumb_5524610_uploaded_image1_1757831632.jpg"
"1771110626-112","https://sn.coinafrique.com/categorie/chiens?page=2","https://sn.coinafrique.com/annonce/chiens/chiot-rottweiller-5323434","Chiot Rottweiller","Prix sur demande","Almadies 2, Dakar, Sénégal","https://images.coinafrique.com/thumb_5671567_uploaded_image1_1765675459.jpg"
"1771110630-113","https://sn.coinafrique.com/categorie/chiens?page=2","https://sn.coinafrique.com/annonce/chiens/chiot-bichon-maltais-5326102","Chiot Bichon Maltais","115 000 CFA","Dieuppeul-Derklé, Dakar, Sénégal","https://images.coinafrique.com/thumb_5326102_uploaded_image1_1747153443.jpg"
"1771110633-114","https://sn.coinafrique.com/categorie/chiens?page=2","https://sn.coinafrique.com/annonce/chiens/chiot-spitz-nain-5326291","Chiot Spitz Nain","800 000 CFA","Thies, Sénégal","https://images.coinafrique.com/thumb_5326291_uploaded_image1_1747165396.jpg"
"1771110636-115","https://sn.coinafrique.com/categorie/chiens?page=2","https://sn.coinafrique.com/annonce/chiens/chiot-bichon-havanais-5326499","Chiot Bichon Havanais","150 000 CFA","Ouakam, Dakar, Sénégal","https://images.coinafrique.com/thumb_5498808_uploaded_image1_1756485463.jpg"
"1771110639-116","https://sn.coinafrique.com/categorie/chiens?page=2","https://sn.coinafrique.com/annonce/chiens/chiot-husky-5328800","Chiot Husky","300 000 CFA","Sacré-Coeur, Dakar, Sénégal","https://images.coinafrique.com/thumb_5524610_uploaded_image1_1757831632.jpg"
"1771110643-117","https://sn.coinafrique.com/categorie/chiens?page=2","https://sn.coinafrique.com/annonce/chiens/chien-de-salon-5332506","Chien de salon","150 000 CFA","Almadies, Dakar, Sénégal","https://images.coinafrique.com/thumb_5332506_uploaded_image1_1747475557.jpg"
"1771110646-118","https://sn.coinafrique.com/categorie/chiens?page=2","https://sn.coinafrique.com/annonce/chiens/chiot-pitbull-terrier-5335882","Chiot Pitbull Terrier","250 000 CFA","Thies, Sénégal","https://images.coinafrique.com/thumb_5512296_uploaded_image1_1757182867.jpg"
"1771110650-119","https://sn.coinafrique.com/categorie/chiens?page=2","https://sn.coinafrique.com/annonce/chiens/chiot-berger-allemand-5336125","Chiot Berger Allemand","250 000 CFA","Fann, Dakar, Sénégal","https://images.coinafrique.com/thumb_5336125_uploaded_image1_1747687556.jpg"
"1771110653-120","https://sn.coinafrique.com/categorie/chiens?page=2","https://sn.coinafrique.com/annonce/chiens/chiot-boerboul-5338244","Chiot Boerboul","275 CFA","Pikine, Sénégal","https://images.coinafrique.com/thumb_5338244_uploaded_image1_1747822800.jpg"
"1771110656-121","https://sn.coinafrique.com/categorie/chiens?page=2","https://sn.coinafrique.com/annonce/chiens/berger-allemand-5340528","Berger Allemand","150 000 CFA","Pikine, Sénégal","https://images.coinafrique.com/thumb_5439144_uploaded_image1_1753362359.jpg"
"1771110665-122","https://sn.coinafrique.com/categorie/chiens?page=2","https://sn.coinafrique.com/annonce/chiens/chiots-malinois-5341165","Chiots Malinois","Prix sur demande","Dakar, Sénégal","https://images.coinafrique.com/thumb_5628892_uploaded_image1_1763507006.jpg"
"1771110671-123","https://sn.coinafrique.com/categorie/chiens?page=2","https://sn.coinafrique.com/annonce/chiens/chien-5341402","Chien","130 000 CFA","Almadies, Dakar, Sénégal","https://images.coinafrique.com/thumb_5341402_uploaded_image1_1747971696.jpg"
"1771110675-124","https://sn.coinafrique.com/categorie/chiens?page=2","https://sn.coinafrique.com/annonce/chiens/chiots-husky-5341514","Chiots Husky","300 000 CFA","Ouest Foire, Dakar, Sénégal","https://images.coinafrique.com/thumb_5341514_uploaded_image1_1747985445.jpg"
"1771110679-125","https://sn.coinafrique.com/categorie/chiens?page=2","https://sn.coinafrique.com/annonce/chiens/chiots-berger-allemand-5352744","Chiots Berger Allemand","175 000 CFA","Mbao, Dakar, Sénégal","https://images.coinafrique.com/thumb_5352744_uploaded_image2_1748635949.jpeg"
"1771110683-126","https://sn.coinafrique.com/categorie/chiens?page=2","https://sn.coinafrique.com/annonce/chiens/chiot-americain-5353266","Chiot Américain","200 CFA","Thies, Sénégal","https://images.coinafrique.com/thumb_5353266_uploaded_image1_1748682865.jpg"
"1771110688-127","https://sn.coinafrique.com/categorie/chiens?page=2","https://sn.coinafrique.com/annonce/chiens/chiots-bouvier-bernois-5356412","Chiots Bouvier Bernois","Prix sur demande","Almadies 2, Dakar, Sénégal",""
"1771110692-128","https://sn.coinafrique.com/categorie/chiens?page=2","https://sn.coinafrique.com/annonce/chiens/chiots-bichon-5357093","Chiots bichon","200 000 CFA","Mamelles, Dakar, Sénégal","https://images.coinafrique.com/thumb_5357093_uploaded_image1_1748892640.jpg"
"1771110695-129","https://sn.coinafrique.com/categorie/chiens?page=2","https://sn.coinafrique.com/annonce/chiens/husky-et-rotweiller-5357616","Husky et Rotweiller","300 000 CFA","Sacré-Coeur, Dakar, Sénégal","https://images.coinafrique.com/thumb_5357616_uploaded_image1_1748916757.jpg"
"1771110700-130","https://sn.coinafrique.com/categorie/chiens?page=2","https://sn.coinafrique.com/annonce/chiens/chiots-malamute-pure-5368072","Chiots malamute pure","Prix sur demande","Almadies 2, Dakar, Sénégal","https://images.coinafrique.com/thumb_5368072_uploaded_image1_1749564175.jpg"
"1771110703-131","https://sn.coinafrique.com/categorie/chiens?page=2","https://sn.coinafrique.com/annonce/chiens/chiot-berger-allemand-5376933","Chiot Berger allemand","150 000 CFA","Pikine, Sénégal","https://images.coinafrique.com/thumb_5439144_uploaded_image1_1753362359.jpg"
"1771110739-132","https://sn.coinafrique.com/categorie/chiens?page=2","https://sn.coinafrique.com/annonce/chiens/chiot-berger-allemand-5379393","Chiot Berger Allemand","Prix sur demande","Dakar, Sénégal","https://images.coinafrique.com/thumb_5563010_uploaded_image1_1759844917.jpg"
"1771110742-133","https://sn.coinafrique.com/categorie/chiens?page=2","https://sn.coinafrique.com/annonce/chiens/chiots-bichons-maltais-5383547","Chiots Bichons Maltais","150 000 CFA","Sicap Liberté, Dakar, Sénégal","https://images.coinafrique.com/thumb_5713394_uploaded_image1_1768013303.jpg"
"1771110746-134","https://sn.coinafrique.com/categorie/chiens?page=2","https://sn.coinafrique.com/annonce/chiens/chiot-berger-malinois-5384862","Chiot Berger malinois","300 000 CFA","Rufisque, Sénégal",""
"1771110749-135","https://sn.coinafrique.com/categorie/chiens?page=2","https://sn.coinafrique.com/annonce/chiens/chiot-husky-male-5385417","Chiot Husky male","350 000 CFA","Sacré-Coeur, Dakar, Sénégal",""
"1771110752-136","https://sn.coinafrique.com/categorie/chiens?page=2","https://sn.coinafrique.com/annonce/chiens/berger-malinois-metis-5389289","Berger Malinois Métis","200 000 CFA","Sacré-Coeur, Dakar, Sénégal",""
"1771110756-137","https://sn.coinafrique.com/categorie/chiens?page=2","https://sn.coinafrique.com/annonce/chiens/chiot-husky-5397530","Chiot Husky","Prix sur demande","Pikine, Sénégal","https://images.coinafrique.com/thumb_5456601_uploaded_image1_1754217248.jpg"
"1771110759-138","https://sn.coinafrique.com/categorie/chiens?page=2","https://sn.coinafrique.com/annonce/chiens/chiot-husky-5397542","Chiot Husky","300 000 CFA","Ouakam, Dakar, Sénégal","https://images.coinafrique.com/thumb_5397542_uploaded_image1_1751222051.jpg"
"1771110763-139","https://sn.coinafrique.com/categorie/chiens?page=2","https://sn.coinafrique.com/annonce/chiens/chiots-cane-corso-5400421","Chiots Cane Corso","400 000 CFA","Sicap Liberté, Dakar, Sénégal","https://images.coinafrique.com/thumb_5400421_uploaded_image1_1751373309.jpg"
"1771110770-140","https://sn.coinafrique.com/categorie/chiens?page=2","https://sn.coinafrique.com/annonce/chiens/chiot-berger-allemand-5425744","Chiot Berger allemand","170 CFA","Pikine, Sénégal","https://images.coinafrique.com/thumb_5439144_uploaded_image1_1753362359.jpg"
"1771110775-141","https://sn.coinafrique.com/categorie/chiens?page=2","https://sn.coinafrique.com/annonce/chiens/chien-boerboell-5386827","Chien Boerboell","650 000 CFA","HLM, Dakar, Sénégal","https://images.coinafrique.com/thumb_5386827_uploaded_image1_1750610656.jpg"
"1771110786-142","https://sn.coinafrique.com/categorie/chiens?page=2","https://sn.coinafrique.com/annonce/chiens/bichon-maltaise-5386842","Bichon maltaise","150 000 CFA","HLM, Dakar, Sénégal","https://images.coinafrique.com/thumb_5386842_uploaded_image1_1750611237.jpg"
"1771110789-143","https://sn.coinafrique.com/categorie/chiens?page=2","https://sn.coinafrique.com/annonce/chiens/chiot-berger-allemand-5387119","Chiot Berger Allemand","150 000 CFA","HLM, Dakar, Sénégal","https://images.coinafrique.com/thumb_5387119_uploaded_image2_1750623407.jpeg"
"1771110792-144","https://sn.coinafrique.com/categorie/chiens?page=2","https://sn.coinafrique.com/annonce/chiens/chiots-berger-allemand-5429666","Chiots Berger allemand","180 000 CFA","Keur Massar, Sénégal","https://images.coinafrique.com/thumb_5429666_uploaded_image1_1752845223.jpg"
"1771110795-145","https://sn.coinafrique.com/categorie/chiens?page=2","https://sn.coinafrique.com/annonce/chiens/chiot-bichon-maltes-5435956","Chiot Bichon maltes","180 000 CFA","HLM, Dakar, Sénégal","https://images.coinafrique.com/thumb_5435956_uploaded_image1_1753216215.jpg"
"1771110826-146","https://sn.coinafrique.com/categorie/chiens?page=2","https://sn.coinafrique.com/annonce/chiens/chiot-rottweiler-5453153","Chiot Rottweiler","290 000 CFA","Pikine, Sénégal","https://images.coinafrique.com/thumb_5524392_uploaded_image1_1757805590.jpg"
"1771110829-147","https://sn.coinafrique.com/categorie/chiens?page=2","https://sn.coinafrique.com/annonce/chiens/chiots-malinois-de-parents-importes-de-bordeaux-france-5455656","Chiots malinois de parents importés de bordeaux france","250 000 CFA","Thies, Sénégal","https://images.coinafrique.com/thumb_5455656_uploaded_image1_1754152274.jpg"
"1771110832-148","https://sn.coinafrique.com/categorie/chiens?page=2","https://sn.coinafrique.com/annonce/chiens/chiot-husky-5456601","Chiot Husky","350 000 CFA","Pikine, Sénégal","https://images.coinafrique.com/thumb_5456601_uploaded_image1_1754217248.jpg"
"1771110835-149","https://sn.coinafrique.com/categorie/chiens?page=2","https://sn.coinafrique.com/annonce/chiens/chiot-malinois-5462776","Chiot Malinois","300 000 CFA","Mbao, Dakar, Sénégal","https://images.coinafrique.com/thumb_5616738_uploaded_image1_1762882607.jpg"
"1771110839-150","https://sn.coinafrique.com/categorie/chiens?page=2","https://sn.coinafrique.com/annonce/chiens/chiots-berger-allemend-5463567","Chiots Berger allemend","150 000 CFA","Thies, Sénégal","https://images.coinafrique.com/thumb_5463591_uploaded_image1_1754561119.jpg"
"1771110844-151","https://sn.coinafrique.com/categorie/chiens?page=2","https://sn.coinafrique.com/annonce/chiens/chiots-berger-allemend-5463584","Chiots Berger allemend","150 000 CFA","Thies, Sénégal","https://images.coinafrique.com/thumb_5463591_uploaded_image1_1754561119.jpg"
"1771110847-152","https://sn.coinafrique.com/categorie/chiens?page=2","https://sn.coinafrique.com/annonce/chiens/chiots-berger-5463591","Chiots Berger","150 000 CFA","Thies, Sénégal","https://images.coinafrique.com/thumb_5491012_uploaded_image1_1756047419.jpg"
"1771110850-153","https://sn.coinafrique.com/categorie/chiens?page=2","https://sn.coinafrique.com/annonce/chiens/chiots-spizt-5464950","Chiots Spizt","Prix sur demande","Almadies 2, Dakar, Sénégal","https://images.coinafrique.com/thumb_5671563_uploaded_image1_1765674976.jpg"
"1771110859-154","https://sn.coinafrique.com/categorie/chiens?page=1","https://sn.coinafrique.com/annonce/chiens/chiot-hamster-syrien-5465432","Chiot Hamster syrien","5 000 CFA","Almadies, Dakar, Sénégal","https://images.coinafrique.com/thumb_5465432_uploaded_image1_1754648750.jpg"
"1771110862-155","https://sn.coinafrique.com/categorie/chiens?page=1","https://sn.coinafrique.com/annonce/chiens/chat-siamois-5465444","Chat siamois","100 000 CFA","Almadies, Dakar, Sénégal","https://images.coinafrique.com/thumb_5465444_uploaded_image1_1754649176.jpg"
"1771110866-156","https://sn.coinafrique.com/categorie/chiens?page=1","https://sn.coinafrique.com/annonce/chiens/chiots-berger-allemand-5466408","Chiots Berger Allemand","150 000 CFA","Saint Louis, Sénégal","https://images.coinafrique.com/thumb_5466408_uploaded_image1_1754682101.jpg"
"1771110870-157","https://sn.coinafrique.com/categorie/chiens?page=1","https://sn.coinafrique.com/annonce/chiens/chiot-berger-allemand-5467125","Chiot Berger allemand","250 000 CFA","Sacré-Coeur, Dakar, Sénégal","https://images.coinafrique.com/thumb_5575546_uploaded_image1_1760547251.jpg"
"1771110873-158","https://sn.coinafrique.com/categorie/chiens?page=1","https://sn.coinafrique.com/annonce/chiens/chiot-malinois-5468013","Chiot Malinois","250 000 CFA","Sipres, Dakar, Sénégal","https://images.coinafrique.com/thumb_5468013_uploaded_image1_1754773485.jpg"
"1771110877-159","https://sn.coinafrique.com/categorie/chiens?page=1","https://sn.coinafrique.com/annonce/chiens/bichons-male-5431028","bichons mâle","150 000 CFA","Dakar, Sénégal","https://images.coinafrique.com/thumb_3143508_uploaded_image1_1622507623.jpg"
"1771110880-160","https://sn.coinafrique.com/categorie/chiens?page=1","https://sn.coinafrique.com/annonce/chiens/chiot-bichon-5474603","Chiot Bichon","200 000 CFA","Sacré-Coeur, Dakar, Sénégal","https://images.coinafrique.com/thumb_5521237_uploaded_image1_1757636811.jpg"
"1771110884-161","https://sn.coinafrique.com/categorie/chiens?page=1","https://sn.coinafrique.com/annonce/chiens/chiot-rottweiler-5480457","Chiot Rottweiler","300 000 CFA","Pikine, Sénégal","https://images.coinafrique.com/thumb_5524392_uploaded_image1_1757805590.jpg"
"1771110887-162","https://sn.coinafrique.com/categorie/chiens?page=1","https://sn.coinafrique.com/annonce/chiens/bichon-noir-5482763","Bichon noir","130 000 CFA","Dakar, Sénégal","https://images.coinafrique.com/thumb_5482763_uploaded_image1_1755623884.jpg"
"1771110890-163","https://sn.coinafrique.com/categorie/chiens?page=1","https://sn.coinafrique.com/annonce/chiens/chiot-rottweiler-5486097","Chiot Rottweiler","400 000 CFA","Pikine, Sénégal","https://images.coinafrique.com/thumb_5524392_uploaded_image1_1757805590.jpg"
"1771110894-164","https://sn.coinafrique.com/categorie/chiens?page=1","https://sn.coinafrique.com/annonce/chiens/chiots-berger-allemand-5487110","Chiots Berger Allemand","350 000 CFA","Sacré-Coeur, Dakar, Sénégal","https://images.coinafrique.com/thumb_5575546_uploaded_image1_1760547251.jpg"
"1771110898-165","https://sn.coinafrique.com/categorie/chiens?page=1","https://sn.coinafrique.com/annonce/chiens/chien-bichons-5489184","Chien  bichons","450 000 CFA","Dakar Plateau, Dakar, Sénégal","https://images.coinafrique.com/thumb_5489184_uploaded_image1_1755926050.jpg"
"1771110902-166","https://sn.coinafrique.com/categorie/chiens?page=1","https://sn.coinafrique.com/annonce/chiens/chiots-labradors-5489540","Chiots Labradors","300 000 CFA","Guediawaye, Dakar, Sénégal","https://images.coinafrique.com/thumb_5672239_uploaded_image1_1765736340.jpg"
"1771110906-167","https://sn.coinafrique.com/categorie/chiens?page=1","https://sn.coinafrique.com/annonce/chiens/chiots-labradors-5489586","Chiots Labradors","300 000 CFA","Guediawaye, Dakar, Sénégal","https://images.coinafrique.com/thumb_5672239_uploaded_image1_1765736340.jpg"
"1771110910-168","https://sn.coinafrique.com/categorie/chiens?page=1","https://sn.coinafrique.com/annonce/chiens/chiot-berger-allemand-grand-gabarit-5490358","Chiot Berger allemand grand gabarit","350 000 CFA","Sacré-Coeur, Dakar, Sénégal","https://images.coinafrique.com/thumb_5575546_uploaded_image1_1760547251.jpg"
"1771110913-169","https://sn.coinafrique.com/categorie/chiens?page=1","https://sn.coinafrique.com/annonce/chiens/chiots-berger-allemand-5491012","Chiots Berger Allemand","Prix sur demande","Thies, Sénégal","https://images.coinafrique.com/thumb_5491012_uploaded_image1_1756047419.jpg"
"1771110917-170","https://sn.coinafrique.com/categorie/chiens?page=1","https://sn.coinafrique.com/annonce/chiens/chiots-berger-allemand-5492262","Chiots Berger Allemand","200 000 CFA","Almadies 2, Dakar, Sénégal","https://images.coinafrique.com/thumb_5735854_uploaded_image1_1769103978.jpg"
"1771110921-171","https://sn.coinafrique.com/categorie/chiens?page=1","https://sn.coinafrique.com/annonce/chiens/chiots-bichons-havanais-5498808","Chiots Bichons Havanais","130 000 CFA","Ouakam, Dakar, Sénégal","https://images.coinafrique.com/thumb_5498808_uploaded_image1_1756485463.jpg"
"1771110924-172","https://sn.coinafrique.com/categorie/chiens?page=1","https://sn.coinafrique.com/annonce/chiens/chiot-malinois-5506845","Chiot Malinois","250 CFA","Pikine, Sénégal","https://images.coinafrique.com/thumb_5506845_uploaded_image1_1756907976.jpg"
"1771110928-173","https://sn.coinafrique.com/categorie/chiens?page=1","https://sn.coinafrique.com/annonce/chiens/chiot-berger-allemand-5507784","Chiot Berger allemand","350 000 CFA","Sacré-Coeur, Dakar, Sénégal","https://images.coinafrique.com/thumb_5575546_uploaded_image1_1760547251.jpg"
"1771110931-174","https://sn.coinafrique.com/categorie/chiens?page=1","https://sn.coinafrique.com/annonce/chiens/chiot-pitbull-5512296","Chiot Pitbull","150 CFA","Thies, Sénégal","https://images.coinafrique.com/thumb_5610458_uploaded_image1_1762521942.jpg"
"1771110934-175","https://sn.coinafrique.com/categorie/chiens?page=1","https://sn.coinafrique.com/annonce/chiens/chiot-5516813","Chiot","100 000 CFA","Thies, Sénégal","https://images.coinafrique.com/thumb_5690476_uploaded_image1_1766764470.jpg"
"1771110937-176","https://sn.coinafrique.com/categorie/chiens?page=1","https://sn.coinafrique.com/annonce/chiens/chiot-bichon-5521237","Chiot Bichon","200 000 CFA","Sacré-Coeur, Dakar, Sénégal","https://images.coinafrique.com/thumb_5521237_uploaded_image1_1757636811.jpg"
"1771110941-177","https://sn.coinafrique.com/categorie/chiens?page=1","https://sn.coinafrique.com/annonce/chiens/chiot-rottweiler-5524392","Chiot Rottweiler","250 000 CFA","Pikine, Sénégal","https://images.coinafrique.com/thumb_5524392_uploaded_image1_1757805590.jpg"
"1771110945-178","https://sn.coinafrique.com/categorie/chiens?page=1","https://sn.coinafrique.com/annonce/chiens/chiot-husky-5524610","Chiot  Husky","350 000 CFA","Sacré-Coeur, Dakar, Sénégal","https://images.coinafrique.com/thumb_5524610_uploaded_image1_1757831632.jpg"
"1771110948-179","https://sn.coinafrique.com/categorie/chiens?page=1","https://sn.coinafrique.com/annonce/chiens/chiot-boerboel-5524708","Chiot Boerboel","375 000 CFA","Sicap Liberté, Dakar, Sénégal","https://images.coinafrique.com/thumb_5524708_uploaded_image1_1757840142.jpg"
"1771110953-180","https://sn.coinafrique.com/categorie/chiens?page=1","https://sn.coinafrique.com/annonce/chiens/chiot-pitbull-5528337","Chiot pitbull","100 000 CFA","Thies, Sénégal","https://images.coinafrique.com/thumb_5610458_uploaded_image1_1762521942.jpg"
"1771110956-181","https://sn.coinafrique.com/categorie/chiens?page=1","https://sn.coinafrique.com/annonce/chiens/chiot-pitbull-5528346","Chiot pitbull","Prix sur demande","Thies, Sénégal","https://images.coinafrique.com/thumb_5610458_uploaded_image1_1762521942.jpg"
"1771110960-182","https://sn.coinafrique.com/categorie/chiens?page=1","https://sn.coinafrique.com/annonce/chiens/husky-pur-sang-femelle-5528570","Husky pur sang femelle","250 000 CFA","Ouakam, Dakar, Sénégal","https://images.coinafrique.com/thumb_5528570_uploaded_image1_1758035685.jpg"
"1771110963-183","https://sn.coinafrique.com/categorie/chiens?page=1","https://sn.coinafrique.com/annonce/chiens/chiot-bichon-nain-5530652","Chiot Bichon nain","200 000 CFA","Sicap Liberté, Dakar, Sénégal","https://images.coinafrique.com/thumb_5530652_uploaded_image1_1758128841.jpg"
"1771110967-184","https://sn.coinafrique.com/categorie/chiens?page=1","https://sn.coinafrique.com/annonce/chiens/croquettes-pour-chiens-5537867","Croquettes pour chiens","28 000 CFA","Ouakam, Dakar, Sénégal","https://images.coinafrique.com/thumb_5537867_uploaded_image1_1758544788.jpg"
"1771110974-185","https://sn.coinafrique.com/categorie/chiens?page=1","https://sn.coinafrique.com/annonce/chiens/chiot-golden-retriever-5540468","Chiot Golden Retriever","Prix sur demande","Almadies 2, Dakar, Sénégal","https://images.coinafrique.com/thumb_5540468_uploaded_image1_1758664107.jpg"
"1771110989-186","https://sn.coinafrique.com/categorie/chiens?page=1","https://sn.coinafrique.com/annonce/chiens/chiot-labrador-5550994","Chiot Labrador","450 000 CFA","Sicap Liberté, Dakar, Sénégal",""
"1771110993-187","https://sn.coinafrique.com/categorie/chiens?page=1","https://sn.coinafrique.com/annonce/chiens/chiots-berger-allemand-5560003","Chiots Berger Allemand","130 000 CFA","Diamniadio, Sénégal","https://images.coinafrique.com/thumb_5560003_uploaded_image1_1759693627.jpg"
"1771111002-188","https://sn.coinafrique.com/categorie/chiens?page=1","https://sn.coinafrique.com/annonce/chiens/chiot-presa-canario-5565180","Chiot Presa Canario","650 000 CFA","Thies, Sénégal","https://images.coinafrique.com/thumb_5617572_uploaded_image1_1762928156.jpg"
"1771111005-189","https://sn.coinafrique.com/categorie/chiens?page=1","https://sn.coinafrique.com/annonce/chiens/bichon-maltais-frise-5572179","Bichon Maltais frisé","150 000 CFA","Mermoz-Sacré Coeur, Dakar, Sénégal","https://images.coinafrique.com/thumb_5572179_uploaded_image1_1760379385.jpg"
"1771111009-190","https://sn.coinafrique.com/categorie/chiens?page=1","https://sn.coinafrique.com/annonce/chiens/chiot-berger-allemand-5575546","Chiot Berger Allemand","250 000 CFA","Sacré-Coeur, Dakar, Sénégal","https://images.coinafrique.com/thumb_5575546_uploaded_image1_1760547251.jpg"
"1771111012-191","https://sn.coinafrique.com/categorie/chiens?page=1","https://sn.coinafrique.com/annonce/chiens/chiot-american-5579814","Chiot American","170 CFA","Thies, Sénégal","https://images.coinafrique.com/thumb_5579814_uploaded_image1_1760778039.jpg"
"1771111016-192","https://sn.coinafrique.com/categorie/chiens?page=1","https://sn.coinafrique.com/annonce/chiens/chiot-pitbull-5599056","Chiot Pitbull","Prix sur demande","Hann Bel-Air, Dakar, Sénégal","https://images.coinafrique.com/thumb_5599056_uploaded_image1_1761928314.jpg"
"1771111019-193","https://sn.coinafrique.com/categorie/chiens?page=1","https://sn.coinafrique.com/annonce/chiens/chiot-bichon-maltais-5601862","Chiot Bichon maltais","125 000 CFA","Mariste, Dakar, Sénégal","https://images.coinafrique.com/thumb_5601862_uploaded_image1_1762106679.jpg"
"1771111023-194","https://sn.coinafrique.com/categorie/chiens?page=1","https://sn.coinafrique.com/annonce/chiens/chiot-labrador-5603738","Chiot Labrador","400 000 CFA","Sicap Liberté, Dakar, Sénégal","https://images.coinafrique.com/thumb_5603738_uploaded_image1_1762199868.jpg"
"1771111026-195","https://sn.coinafrique.com/categorie/chiens?page=1","https://sn.coinafrique.com/annonce/chiens/chiot-pitbull-tricolor-5610458","Chiot Pitbull Tricolor","120 000 CFA","Thies, Sénégal","https://images.coinafrique.com/thumb_5610458_uploaded_image1_1762521942.jpg"
"1771111031-196","https://sn.coinafrique.com/categorie/chiens?page=1","https://sn.coinafrique.com/annonce/chiens/chiot-5613212","Chiot","60 000 CFA","Dieuppeul-Derklé, Dakar, Sénégal","https://images.coinafrique.com/thumb_5613212_uploaded_image1_1762713775.jpg"
"1771111034-197","https://sn.coinafrique.com/categorie/chiens?page=1","https://sn.coinafrique.com/annonce/chiens/berger-belge-malinois-5616008","Berger Belge Malinois","Prix sur demande","Sicap Liberté, Dakar, Sénégal","https://images.coinafrique.com/thumb_5616008_uploaded_image1_1762860338.jpg"
"1771111037-198","https://sn.coinafrique.com/categorie/chiens?page=1","https://sn.coinafrique.com/annonce/chiens/chiots-border-collie-5616729","Chiots Border Collie","140 000 CFA","Almadies, Dakar, Sénégal","https://images.coinafrique.com/thumb_5616729_uploaded_image1_1762882207.jpg"
"1771111044-199","https://sn.coinafrique.com/categorie/chiens?page=1","https://sn.coinafrique.com/annonce/chiens/chiot-malinois-5616738","Chiot Malinois","125 000 CFA","Mbao, Dakar, Sénégal","https://images.coinafrique.com/thumb_5616738_uploaded_image1_1762882607.jpg"
"1771111048-200","https://sn.coinafrique.com/categorie/chiens?page=1","https://sn.coinafrique.com/annonce/chiens/parfum-presa-canario-5617572","Parfum Presa Canario","Prix sur demande","Thies, Sénégal","https://images.coinafrique.com/thumb_5617572_uploaded_image1_1762928156.jpg"
"1771111052-201","https://sn.coinafrique.com/categorie/chiens?page=1","https://sn.coinafrique.com/annonce/chiens/chiot-husky-5621149","Chiot Husky","350 000 CFA","Sicap Liberté, Dakar, Sénégal","https://images.coinafrique.com/thumb_5729912_uploaded_image1_1768887074.jpg"
"1771111055-202","https://sn.coinafrique.com/categorie/chiens?page=1","https://sn.coinafrique.com/annonce/chiens/chiot-berger-malinois-5628715","Chiot Berger Malinois","150 000 CFA","Almadies 2, Dakar, Sénégal","https://images.coinafrique.com/thumb_5628715_uploaded_image1_1763500388.jpg"
"1771111059-203","https://sn.coinafrique.com/categorie/chiens?page=1","https://sn.coinafrique.com/annonce/chiens/chiot-malinois-5628892","Chiot Malinois","200 000 CFA","Dakar, Sénégal","https://images.coinafrique.com/thumb_5628892_uploaded_image1_1763507006.jpg"
"1771111062-204","https://sn.coinafrique.com/categorie/chiens?page=1","https://sn.coinafrique.com/annonce/chiens/chiots-labradors-retriever-5640905","Chiots Labradors Retriever","300 000 CFA","Guediawaye, Dakar, Sénégal","https://images.coinafrique.com/thumb_5640905_uploaded_image1_1764096718.jpg"
"1771111066-205","https://sn.coinafrique.com/categorie/chiens?page=1","https://sn.coinafrique.com/annonce/chiens/chiot-bichon-maltais-5644579","Chiot Bichon Maltais","100 000 CFA","Almadies, Dakar, Sénégal","https://images.coinafrique.com/thumb_5644579_uploaded_image1_1764272051.jpg"
"1771111070-206","https://sn.coinafrique.com/categorie/chiens?page=1","https://sn.coinafrique.com/annonce/chiens/berger-malinois-charbonner-5649558","Berger malinois charbonner","250 CFA","Thies, Sénégal","https://images.coinafrique.com/thumb_5649558_uploaded_image1_1764572984.jpg"
"1771111074-207","https://sn.coinafrique.com/categorie/chiens?page=1","https://sn.coinafrique.com/annonce/chiens/chiot-husky-5664078","Chiot Husky","350 000 CFA","Sicap Liberté, Dakar, Sénégal","https://images.coinafrique.com/thumb_5729912_uploaded_image1_1768887074.jpg"
"1771111078-208","https://sn.coinafrique.com/categorie/chiens?page=1","https://sn.coinafrique.com/annonce/chiens/chiots-labradors-5667947","Chiots labradors","300 000 CFA","Guediawaye, Dakar, Sénégal","https://images.coinafrique.com/thumb_5672239_uploaded_image1_1765736340.jpg"
"1771111082-209","https://sn.coinafrique.com/categorie/chiens?page=1","https://sn.coinafrique.com/annonce/chiens/chiots-spizt-5671563","Chiots Spizt","Prix sur demande","Almadies 2, Dakar, Sénégal","https://images.coinafrique.com/thumb_5671563_uploaded_image1_1765674976.jpg"
"1771111085-210","https://sn.coinafrique.com/categorie/chiens?page=1","https://sn.coinafrique.com/annonce/chiens/chiots-husky-5671564","Chiots Husky","Prix sur demande","Almadies 2, Dakar, Sénégal","https://images.coinafrique.com/thumb_5671564_uploaded_image1_1765675272.jpg"
"1771111088-211","https://sn.coinafrique.com/categorie/chiens?page=1","https://sn.coinafrique.com/annonce/chiens/chiots-rottweiler-5671567","Chiots Rottweiler","Prix sur demande","Almadies 2, Dakar, Sénégal","https://images.coinafrique.com/thumb_5671567_uploaded_image1_1765675459.jpg"
"1771111092-212","https://sn.coinafrique.com/categorie/chiens?page=1","https://sn.coinafrique.com/annonce/chiens/chiots-dogue-argentin-5671568","Chiots Dogue Argentin","Prix sur demande","Almadies 2, Dakar, Sénégal","https://images.coinafrique.com/thumb_5671568_uploaded_image1_1765675623.jpg"
"1771111096-213","https://sn.coinafrique.com/categorie/chiens?page=1","https://sn.coinafrique.com/annonce/chiens/chiot-labrador-5672239","Chiot Labrador","250 000 CFA","Guediawaye, Dakar, Sénégal","https://images.coinafrique.com/thumb_5672239_uploaded_image1_1765736340.jpg"
"1771111100-214","https://sn.coinafrique.com/categorie/chiens?page=1","https://sn.coinafrique.com/annonce/chiens/chiot-malinois-5690476","Chiot malinois","250 CFA","Thies, Sénégal","https://images.coinafrique.com/thumb_5690476_uploaded_image1_1766764470.jpg"
"1771111103-215","https://sn.coinafrique.com/categorie/chiens?page=1","https://sn.coinafrique.com/annonce/chiens/berger-allemand-5697068","Berger Allemand","200 000 CFA","Sicap Liberté, Dakar, Sénégal","https://images.coinafrique.com/thumb_5727097_uploaded_image1_1768728630.jpg"
"1771111107-216","https://sn.coinafrique.com/categorie/chiens?page=1","https://sn.coinafrique.com/annonce/chiens/chiots-malinois-5699953","Chiots malinois","280 000 CFA","Rufisque, Sénégal","https://images.coinafrique.com/thumb_5699953_uploaded_image1_1767376903.jpg"
"1771111111-217","https://sn.coinafrique.com/categorie/chiens?page=1","https://sn.coinafrique.com/annonce/chiens/chiots-berger-malinois-x-5701157","Chiots Berger Malinois X","200 000 CFA","Sicap Liberté, Dakar, Sénégal","https://images.coinafrique.com/thumb_5701157_uploaded_image1_1767442861.jpg"
"1771111115-218","https://sn.coinafrique.com/categorie/chiens?page=1","https://sn.coinafrique.com/annonce/chiens/metisse-rock-belger-5707420","Métisse  rock belger","75 000 CFA","Dakar, Sénégal","https://images.coinafrique.com/thumb_5707420_uploaded_image1_1767744364.jpg"
"1771111118-219","https://sn.coinafrique.com/categorie/chiens?page=1","https://sn.coinafrique.com/annonce/chiens/chiot-husky-5708534","Chiot Husky","250 000 CFA","Sicap Liberté, Dakar, Sénégal","https://images.coinafrique.com/thumb_5729912_uploaded_image1_1768887074.jpg"
"1771111123-220","https://sn.coinafrique.com/categorie/chiens?page=1","https://sn.coinafrique.com/annonce/chiens/berger-allemand-5711909","Berger Allemand","450 000 CFA","Sicap Liberté, Dakar, Sénégal","https://images.coinafrique.com/thumb_5727097_uploaded_image1_1768728630.jpg"
"1771111128-221","https://sn.coinafrique.com/categorie/chiens?page=1","https://sn.coinafrique.com/annonce/chiens/chiot-bichon-maltais-5713394","Chiot Bichon Maltais","150 000 CFA","Sicap Liberté, Dakar, Sénégal","https://images.coinafrique.com/thumb_5713394_uploaded_image1_1768013303.jpg"
"1771111131-222","https://sn.coinafrique.com/categorie/chiens?page=1","https://sn.coinafrique.com/annonce/chiens/chiot-5713555","Chiot","150 000 CFA","Diamniadio, Sénégal","https://images.coinafrique.com/thumb_5713555_uploaded_image1_1768035578.jpg"
"1771111135-223","https://sn.coinafrique.com/categorie/chiens?page=1","https://sn.coinafrique.com/annonce/chiens/chiot-husky-femelle-5715193","Chiot Husky femelle","350 000 CFA","Sicap Liberté, Dakar, Sénégal","https://images.coinafrique.com/thumb_5729912_uploaded_image1_1768887074.jpg"
"1771111138-224","https://sn.coinafrique.com/categorie/chiens?page=1","https://sn.coinafrique.com/annonce/chiens/chiots-berger-allemand-5724820","Chiots Berger Allemand","180 CFA","Guediawaye, Sénégal","https://images.coinafrique.com/thumb_5724820_uploaded_image1_1768584135.jpg"
"1771111142-225","https://sn.coinafrique.com/categorie/chiens?page=1","https://sn.coinafrique.com/annonce/chiens/bichon-5727093","Bichon","200 000 CFA","Sicap Liberté, Dakar, Sénégal","https://images.coinafrique.com/thumb_5727093_uploaded_image1_1768728563.jpg"
"1771111145-226","https://sn.coinafrique.com/categorie/chiens?page=1","https://sn.coinafrique.com/annonce/chiens/berger-allemand-5727097","Berger Allemand","250 000 CFA","Sicap Liberté, Dakar, Sénégal",""
"1771111190-227","https://sn.coinafrique.com/categorie/chiens?page=1","https://sn.coinafrique.com/annonce/chiens/chiots-5735305","Chiots","325 000 CFA","Sicap Liberté, Dakar, Sénégal","https://images.coinafrique.com/thumb_5763030_uploaded_image1_1770431562.jpg"
"1771111194-228","https://sn.coinafrique.com/categorie/chiens?page=1","https://sn.coinafrique.com/annonce/chiens/chiots-samoyede-5735842","Chiots Samoyède","Prix sur demande","Almadies 2, Dakar, Sénégal","https://images.coinafrique.com/thumb_5735842_uploaded_image1_1769103800.jpg"
"1771111198-229","https://sn.coinafrique.com/categorie/chiens?page=1","https://sn.coinafrique.com/annonce/chiens/chiots-berger-allemand-5735854","Chiots Berger Allemand","Prix sur demande","Almadies 2, Dakar, Sénégal","https://images.coinafrique.com/thumb_5735854_uploaded_image1_1769103978.jpg"
"1771111202-230","https://sn.coinafrique.com/categorie/chiens?page=1","https://sn.coinafrique.com/annonce/chiens/chiots-berger-allemand-5751732","Chiots Berger Allemand","150 000 CFA","Guediawaye, Dakar, Sénégal","https://images.coinafrique.com/thumb_5751732_uploaded_image1_1769889114.jpg"
"1771111206-231","https://sn.coinafrique.com/categorie/chiens?page=1","https://sn.coinafrique.com/annonce/chiens/chiot-berger-malinois-5755635","Chiot Berger Malinois","250 000 CFA","Sicap Liberté, Dakar, Sénégal","https://images.coinafrique.com/thumb_5763030_uploaded_image1_1770431562.jpg"
"1771111209-232","https://sn.coinafrique.com/categorie/chiens?page=1","https://sn.coinafrique.com/annonce/chiens/chiot-bouledogues-francais-5757166","Chiot Bouledogues français","Prix sur demande","Point E, Dakar, Sénégal","https://images.coinafrique.com/thumb_5757166_uploaded_image1_1770160169.jpg"
"1771111213-233","https://sn.coinafrique.com/categorie/chiens?page=1","https://sn.coinafrique.com/annonce/chiens/chiot-berger-malinois-male-5763030","Chiot berger malinois male","250 000 CFA","Sicap Liberté, Dakar, Sénégal","https://images.coinafrique.com/thumb_5763030_uploaded_image1_1770431562.jpg"
"1771111216-234","https://sn.coinafrique.com/categorie/chiens?page=1","https://sn.coinafrique.com/annonce/chiens/chien-5769939","Chien","100 000 CFA","Diamniadio, Sénégal","https://images.coinafrique.com/thumb_5769939_uploaded_image1_1770828331.jpg"
